"game_id","expected","file_path","scraped","has_boxscore","has_betting"
401468016,TRUE,"data/raw/2023/summary_2023_20221018_401468016.json",TRUE,TRUE,NA
401468017,TRUE,"data/raw/2023/summary_2023_20221019_401468017.json",TRUE,TRUE,NA
401468018,TRUE,"data/raw/2023/summary_2023_20221019_401468018.json",TRUE,TRUE,NA
401468019,TRUE,"data/raw/2023/summary_2023_20221019_401468019.json",TRUE,TRUE,NA
401468020,TRUE,"data/raw/2023/summary_2023_20221019_401468020.json",TRUE,TRUE,NA
401468021,TRUE,"data/raw/2023/summary_2023_20221019_401468021.json",TRUE,TRUE,NA
401468022,TRUE,"data/raw/2023/summary_2023_20221019_401468022.json",TRUE,TRUE,NA
401468023,TRUE,"data/raw/2023/summary_2023_20221019_401468023.json",TRUE,TRUE,NA
401468024,TRUE,"data/raw/2023/summary_2023_20221019_401468024.json",TRUE,TRUE,NA
401468025,TRUE,"data/raw/2023/summary_2023_20221020_401468025.json",TRUE,TRUE,NA
401468026,TRUE,"data/raw/2023/summary_2023_20221020_401468026.json",TRUE,TRUE,NA
401468027,TRUE,"data/raw/2023/summary_2023_20221020_401468027.json",TRUE,TRUE,NA
401468028,TRUE,"data/raw/2023/summary_2023_20221020_401468028.json",TRUE,TRUE,NA
401468029,TRUE,"data/raw/2023/summary_2023_20221020_401468029.json",TRUE,TRUE,NA
401468170,TRUE,"data/raw/2023/summary_2023_20221020_401468170.json",TRUE,TRUE,NA
401468171,TRUE,"data/raw/2023/summary_2023_20221021_401468171.json",TRUE,TRUE,NA
401468172,TRUE,"data/raw/2023/summary_2023_20221021_401468172.json",TRUE,TRUE,NA
401468173,TRUE,"data/raw/2023/summary_2023_20221021_401468173.json",TRUE,TRUE,NA
401468174,TRUE,"data/raw/2023/summary_2023_20221021_401468174.json",TRUE,TRUE,NA
401468175,TRUE,"data/raw/2023/summary_2023_20221021_401468175.json",TRUE,TRUE,NA
401468176,TRUE,"data/raw/2023/summary_2023_20221021_401468176.json",TRUE,TRUE,NA
401468177,TRUE,"data/raw/2023/summary_2023_20221021_401468177.json",TRUE,TRUE,NA
401468178,TRUE,"data/raw/2023/summary_2023_20221021_401468178.json",TRUE,TRUE,NA
401468179,TRUE,"data/raw/2023/summary_2023_20221022_401468179.json",TRUE,TRUE,NA
401468180,TRUE,"data/raw/2023/summary_2023_20221022_401468180.json",TRUE,TRUE,NA
401468181,TRUE,"data/raw/2023/summary_2023_20221022_401468181.json",TRUE,TRUE,NA
401468182,TRUE,"data/raw/2023/summary_2023_20221022_401468182.json",TRUE,TRUE,NA
401468183,TRUE,"data/raw/2023/summary_2023_20221022_401468183.json",TRUE,TRUE,NA
401468184,TRUE,"data/raw/2023/summary_2023_20221022_401468184.json",TRUE,TRUE,NA
401468185,TRUE,"data/raw/2023/summary_2023_20221022_401468185.json",TRUE,TRUE,NA
401468186,TRUE,"data/raw/2023/summary_2023_20221023_401468186.json",TRUE,TRUE,NA
401468187,TRUE,"data/raw/2023/summary_2023_20221023_401468187.json",TRUE,TRUE,NA
401468188,TRUE,"data/raw/2023/summary_2023_20221023_401468188.json",TRUE,TRUE,NA
401468189,TRUE,"data/raw/2023/summary_2023_20221023_401468189.json",TRUE,TRUE,NA
401468190,TRUE,"data/raw/2023/summary_2023_20221023_401468190.json",TRUE,TRUE,NA
401468191,TRUE,"data/raw/2023/summary_2023_20221023_401468191.json",TRUE,TRUE,NA
401468192,TRUE,"data/raw/2023/summary_2023_20221023_401468192.json",TRUE,TRUE,NA
401468193,TRUE,"data/raw/2023/summary_2023_20221023_401468193.json",TRUE,TRUE,NA
401468194,TRUE,"data/raw/2023/summary_2023_20221023_401468194.json",TRUE,TRUE,NA
401468195,TRUE,"data/raw/2023/summary_2023_20221023_401468195.json",TRUE,TRUE,NA
401468196,TRUE,"data/raw/2023/summary_2023_20221024_401468196.json",TRUE,TRUE,NA
401468197,TRUE,"data/raw/2023/summary_2023_20221024_401468197.json",TRUE,TRUE,NA
401468198,TRUE,"data/raw/2023/summary_2023_20221024_401468198.json",TRUE,TRUE,NA
401468199,TRUE,"data/raw/2023/summary_2023_20221024_401468199.json",TRUE,TRUE,NA
401468200,TRUE,"data/raw/2023/summary_2023_20221024_401468200.json",TRUE,TRUE,NA
401468201,TRUE,"data/raw/2023/summary_2023_20221024_401468201.json",TRUE,TRUE,NA
401468202,TRUE,"data/raw/2023/summary_2023_20221025_401468202.json",TRUE,TRUE,NA
401468203,TRUE,"data/raw/2023/summary_2023_20221025_401468203.json",TRUE,TRUE,NA
401468204,TRUE,"data/raw/2023/summary_2023_20221025_401468204.json",TRUE,TRUE,NA
401468205,TRUE,"data/raw/2023/summary_2023_20221025_401468205.json",TRUE,TRUE,NA
401468206,TRUE,"data/raw/2023/summary_2023_20221025_401468206.json",TRUE,TRUE,NA
401468207,TRUE,"data/raw/2023/summary_2023_20221025_401468207.json",TRUE,TRUE,NA
401468208,TRUE,"data/raw/2023/summary_2023_20221025_401468208.json",TRUE,TRUE,NA
401468209,TRUE,"data/raw/2023/summary_2023_20221026_401468209.json",TRUE,TRUE,NA
401468210,TRUE,"data/raw/2023/summary_2023_20221026_401468210.json",TRUE,TRUE,NA
401468211,TRUE,"data/raw/2023/summary_2023_20221026_401468211.json",TRUE,TRUE,NA
401468212,TRUE,"data/raw/2023/summary_2023_20221026_401468212.json",TRUE,TRUE,NA
401468213,TRUE,"data/raw/2023/summary_2023_20221026_401468213.json",TRUE,TRUE,NA
401468214,TRUE,"data/raw/2023/summary_2023_20221026_401468214.json",TRUE,TRUE,NA
401468215,TRUE,"data/raw/2023/summary_2023_20221026_401468215.json",TRUE,TRUE,NA
401468216,TRUE,"data/raw/2023/summary_2023_20221027_401468216.json",TRUE,TRUE,NA
401468217,TRUE,"data/raw/2023/summary_2023_20221027_401468217.json",TRUE,TRUE,NA
401468218,TRUE,"data/raw/2023/summary_2023_20221027_401468218.json",TRUE,TRUE,NA
401468220,TRUE,"data/raw/2023/summary_2023_20221027_401468220.json",TRUE,TRUE,NA
401468219,TRUE,"data/raw/2023/summary_2023_20221027_401468219.json",TRUE,TRUE,NA
401468221,TRUE,"data/raw/2023/summary_2023_20221027_401468221.json",TRUE,TRUE,NA
401468222,TRUE,"data/raw/2023/summary_2023_20221028_401468222.json",TRUE,TRUE,NA
401468223,TRUE,"data/raw/2023/summary_2023_20221028_401468223.json",TRUE,TRUE,NA
401468224,TRUE,"data/raw/2023/summary_2023_20221028_401468224.json",TRUE,TRUE,NA
401468225,TRUE,"data/raw/2023/summary_2023_20221028_401468225.json",TRUE,TRUE,NA
401468226,TRUE,"data/raw/2023/summary_2023_20221028_401468226.json",TRUE,TRUE,NA
401468227,TRUE,"data/raw/2023/summary_2023_20221028_401468227.json",TRUE,TRUE,NA
401468228,TRUE,"data/raw/2023/summary_2023_20221028_401468228.json",TRUE,TRUE,NA
401468229,TRUE,"data/raw/2023/summary_2023_20221028_401468229.json",TRUE,TRUE,NA
401468230,TRUE,"data/raw/2023/summary_2023_20221029_401468230.json",TRUE,TRUE,NA
401468231,TRUE,"data/raw/2023/summary_2023_20221029_401468231.json",TRUE,TRUE,NA
401468232,TRUE,"data/raw/2023/summary_2023_20221029_401468232.json",TRUE,TRUE,NA
401468233,TRUE,"data/raw/2023/summary_2023_20221029_401468233.json",TRUE,TRUE,NA
401468235,TRUE,"data/raw/2023/summary_2023_20221029_401468235.json",TRUE,TRUE,NA
401468234,TRUE,"data/raw/2023/summary_2023_20221029_401468234.json",TRUE,TRUE,NA
401468236,TRUE,"data/raw/2023/summary_2023_20221029_401468236.json",TRUE,TRUE,NA
401468237,TRUE,"data/raw/2023/summary_2023_20221029_401468237.json",TRUE,TRUE,NA
401468238,TRUE,"data/raw/2023/summary_2023_20221029_401468238.json",TRUE,TRUE,NA
401468239,TRUE,"data/raw/2023/summary_2023_20221030_401468239.json",TRUE,TRUE,NA
401468240,TRUE,"data/raw/2023/summary_2023_20221030_401468240.json",TRUE,TRUE,NA
401468241,TRUE,"data/raw/2023/summary_2023_20221030_401468241.json",TRUE,TRUE,NA
401468242,TRUE,"data/raw/2023/summary_2023_20221030_401468242.json",TRUE,TRUE,NA
401468243,TRUE,"data/raw/2023/summary_2023_20221030_401468243.json",TRUE,TRUE,NA
401468244,TRUE,"data/raw/2023/summary_2023_20221030_401468244.json",TRUE,TRUE,NA
401468245,TRUE,"data/raw/2023/summary_2023_20221030_401468245.json",TRUE,TRUE,NA
401468246,TRUE,"data/raw/2023/summary_2023_20221030_401468246.json",TRUE,TRUE,NA
401468247,TRUE,"data/raw/2023/summary_2023_20221030_401468247.json",TRUE,TRUE,NA
401468248,TRUE,"data/raw/2023/summary_2023_20221030_401468248.json",TRUE,TRUE,NA
401468249,TRUE,"data/raw/2023/summary_2023_20221031_401468249.json",TRUE,TRUE,NA
401468250,TRUE,"data/raw/2023/summary_2023_20221031_401468250.json",TRUE,TRUE,NA
401468251,TRUE,"data/raw/2023/summary_2023_20221031_401468251.json",TRUE,TRUE,NA
401468252,TRUE,"data/raw/2023/summary_2023_20221031_401468252.json",TRUE,TRUE,NA
401468253,TRUE,"data/raw/2023/summary_2023_20221031_401468253.json",TRUE,TRUE,NA
401468254,TRUE,"data/raw/2023/summary_2023_20221031_401468254.json",TRUE,TRUE,NA
401468255,TRUE,"data/raw/2023/summary_2023_20221101_401468255.json",TRUE,TRUE,NA
401468256,TRUE,"data/raw/2023/summary_2023_20221101_401468256.json",TRUE,TRUE,NA
401468257,TRUE,"data/raw/2023/summary_2023_20221101_401468257.json",TRUE,TRUE,NA
401468258,TRUE,"data/raw/2023/summary_2023_20221101_401468258.json",TRUE,TRUE,NA
401468259,TRUE,"data/raw/2023/summary_2023_20221101_401468259.json",TRUE,TRUE,NA
401468260,TRUE,"data/raw/2023/summary_2023_20221102_401468260.json",TRUE,TRUE,NA
401468261,TRUE,"data/raw/2023/summary_2023_20221102_401468261.json",TRUE,TRUE,NA
401468263,TRUE,"data/raw/2023/summary_2023_20221102_401468263.json",TRUE,TRUE,NA
401468262,TRUE,"data/raw/2023/summary_2023_20221102_401468262.json",TRUE,TRUE,NA
401468264,TRUE,"data/raw/2023/summary_2023_20221102_401468264.json",TRUE,TRUE,NA
401468265,TRUE,"data/raw/2023/summary_2023_20221102_401468265.json",TRUE,TRUE,NA
401468266,TRUE,"data/raw/2023/summary_2023_20221103_401468266.json",TRUE,TRUE,NA
401468267,TRUE,"data/raw/2023/summary_2023_20221103_401468267.json",TRUE,TRUE,NA
401468268,TRUE,"data/raw/2023/summary_2023_20221103_401468268.json",TRUE,TRUE,NA
401468269,TRUE,"data/raw/2023/summary_2023_20221103_401468269.json",TRUE,TRUE,NA
401468270,TRUE,"data/raw/2023/summary_2023_20221103_401468270.json",TRUE,TRUE,NA
401468271,TRUE,"data/raw/2023/summary_2023_20221103_401468271.json",TRUE,TRUE,NA
401468272,TRUE,"data/raw/2023/summary_2023_20221103_401468272.json",TRUE,TRUE,NA
401468273,TRUE,"data/raw/2023/summary_2023_20221103_401468273.json",TRUE,TRUE,NA
401468274,TRUE,"data/raw/2023/summary_2023_20221104_401468274.json",TRUE,TRUE,NA
401468275,TRUE,"data/raw/2023/summary_2023_20221104_401468275.json",TRUE,TRUE,NA
401468276,TRUE,"data/raw/2023/summary_2023_20221104_401468276.json",TRUE,TRUE,NA
401468277,TRUE,"data/raw/2023/summary_2023_20221104_401468277.json",TRUE,TRUE,NA
401468278,TRUE,"data/raw/2023/summary_2023_20221104_401468278.json",TRUE,TRUE,NA
401468279,TRUE,"data/raw/2023/summary_2023_20221104_401468279.json",TRUE,TRUE,NA
401468280,TRUE,"data/raw/2023/summary_2023_20221105_401468280.json",TRUE,TRUE,NA
401468281,TRUE,"data/raw/2023/summary_2023_20221105_401468281.json",TRUE,TRUE,NA
401468282,TRUE,"data/raw/2023/summary_2023_20221105_401468282.json",TRUE,TRUE,NA
401468283,TRUE,"data/raw/2023/summary_2023_20221105_401468283.json",TRUE,TRUE,NA
401468284,TRUE,"data/raw/2023/summary_2023_20221105_401468284.json",TRUE,TRUE,NA
401468285,TRUE,"data/raw/2023/summary_2023_20221105_401468285.json",TRUE,TRUE,NA
401468286,TRUE,"data/raw/2023/summary_2023_20221105_401468286.json",TRUE,TRUE,NA
401468287,TRUE,"data/raw/2023/summary_2023_20221105_401468287.json",TRUE,TRUE,NA
401468288,TRUE,"data/raw/2023/summary_2023_20221105_401468288.json",TRUE,TRUE,NA
401468289,TRUE,"data/raw/2023/summary_2023_20221105_401468289.json",TRUE,TRUE,NA
401468290,TRUE,"data/raw/2023/summary_2023_20221105_401468290.json",TRUE,TRUE,NA
401468291,TRUE,"data/raw/2023/summary_2023_20221106_401468291.json",TRUE,TRUE,NA
401468292,TRUE,"data/raw/2023/summary_2023_20221106_401468292.json",TRUE,TRUE,NA
401468293,TRUE,"data/raw/2023/summary_2023_20221106_401468293.json",TRUE,TRUE,NA
401468294,TRUE,"data/raw/2023/summary_2023_20221106_401468294.json",TRUE,TRUE,NA
401468295,TRUE,"data/raw/2023/summary_2023_20221106_401468295.json",TRUE,TRUE,NA
401468296,TRUE,"data/raw/2023/summary_2023_20221106_401468296.json",TRUE,TRUE,NA
401468297,TRUE,"data/raw/2023/summary_2023_20221106_401468297.json",TRUE,TRUE,NA
401468298,TRUE,"data/raw/2023/summary_2023_20221107_401468298.json",TRUE,TRUE,NA
401468299,TRUE,"data/raw/2023/summary_2023_20221108_401468299.json",TRUE,TRUE,NA
401468300,TRUE,"data/raw/2023/summary_2023_20221108_401468300.json",TRUE,TRUE,NA
401468301,TRUE,"data/raw/2023/summary_2023_20221108_401468301.json",TRUE,TRUE,NA
401468302,TRUE,"data/raw/2023/summary_2023_20221108_401468302.json",TRUE,TRUE,NA
401468303,TRUE,"data/raw/2023/summary_2023_20221108_401468303.json",TRUE,TRUE,NA
401468304,TRUE,"data/raw/2023/summary_2023_20221108_401468304.json",TRUE,TRUE,NA
401468305,TRUE,"data/raw/2023/summary_2023_20221108_401468305.json",TRUE,TRUE,NA
401468306,TRUE,"data/raw/2023/summary_2023_20221108_401468306.json",TRUE,TRUE,NA
401468307,TRUE,"data/raw/2023/summary_2023_20221108_401468307.json",TRUE,TRUE,NA
401468308,TRUE,"data/raw/2023/summary_2023_20221108_401468308.json",TRUE,TRUE,NA
401468309,TRUE,"data/raw/2023/summary_2023_20221108_401468309.json",TRUE,TRUE,NA
401468310,TRUE,"data/raw/2023/summary_2023_20221108_401468310.json",TRUE,TRUE,NA
401468311,TRUE,"data/raw/2023/summary_2023_20221108_401468311.json",TRUE,TRUE,NA
401468312,TRUE,"data/raw/2023/summary_2023_20221108_401468312.json",TRUE,TRUE,NA
401468313,TRUE,"data/raw/2023/summary_2023_20221108_401468313.json",TRUE,TRUE,NA
401468316,TRUE,"data/raw/2023/summary_2023_20221109_401468316.json",TRUE,TRUE,NA
401468314,TRUE,"data/raw/2023/summary_2023_20221110_401468314.json",TRUE,TRUE,NA
401468315,TRUE,"data/raw/2023/summary_2023_20221110_401468315.json",TRUE,TRUE,NA
401468317,TRUE,"data/raw/2023/summary_2023_20221110_401468317.json",TRUE,TRUE,NA
401468318,TRUE,"data/raw/2023/summary_2023_20221110_401468318.json",TRUE,TRUE,NA
401468319,TRUE,"data/raw/2023/summary_2023_20221110_401468319.json",TRUE,TRUE,NA
401468320,TRUE,"data/raw/2023/summary_2023_20221110_401468320.json",TRUE,TRUE,NA
401468321,TRUE,"data/raw/2023/summary_2023_20221110_401468321.json",TRUE,TRUE,NA
401468322,TRUE,"data/raw/2023/summary_2023_20221110_401468322.json",TRUE,TRUE,NA
401468323,TRUE,"data/raw/2023/summary_2023_20221110_401468323.json",TRUE,TRUE,NA
401468324,TRUE,"data/raw/2023/summary_2023_20221110_401468324.json",TRUE,TRUE,NA
401468325,TRUE,"data/raw/2023/summary_2023_20221110_401468325.json",TRUE,TRUE,NA
401468326,TRUE,"data/raw/2023/summary_2023_20221110_401468326.json",TRUE,TRUE,NA
401468327,TRUE,"data/raw/2023/summary_2023_20221111_401468327.json",TRUE,TRUE,NA
401468328,TRUE,"data/raw/2023/summary_2023_20221111_401468328.json",TRUE,TRUE,NA
401468329,TRUE,"data/raw/2023/summary_2023_20221111_401468329.json",TRUE,TRUE,NA
401468330,TRUE,"data/raw/2023/summary_2023_20221111_401468330.json",TRUE,TRUE,NA
401468331,TRUE,"data/raw/2023/summary_2023_20221112_401468331.json",TRUE,TRUE,NA
401468332,TRUE,"data/raw/2023/summary_2023_20221112_401468332.json",TRUE,TRUE,NA
401468333,TRUE,"data/raw/2023/summary_2023_20221112_401468333.json",TRUE,TRUE,NA
401468334,TRUE,"data/raw/2023/summary_2023_20221112_401468334.json",TRUE,TRUE,NA
401468335,TRUE,"data/raw/2023/summary_2023_20221112_401468335.json",TRUE,TRUE,NA
401468336,TRUE,"data/raw/2023/summary_2023_20221112_401468336.json",TRUE,TRUE,NA
401468337,TRUE,"data/raw/2023/summary_2023_20221112_401468337.json",TRUE,TRUE,NA
401468338,TRUE,"data/raw/2023/summary_2023_20221112_401468338.json",TRUE,TRUE,NA
401468339,TRUE,"data/raw/2023/summary_2023_20221112_401468339.json",TRUE,TRUE,NA
401468340,TRUE,"data/raw/2023/summary_2023_20221112_401468340.json",TRUE,TRUE,NA
401468341,TRUE,"data/raw/2023/summary_2023_20221113_401468341.json",TRUE,TRUE,NA
401468342,TRUE,"data/raw/2023/summary_2023_20221113_401468342.json",TRUE,TRUE,NA
401468343,TRUE,"data/raw/2023/summary_2023_20221113_401468343.json",TRUE,TRUE,NA
401468344,TRUE,"data/raw/2023/summary_2023_20221113_401468344.json",TRUE,TRUE,NA
401468345,TRUE,"data/raw/2023/summary_2023_20221113_401468345.json",TRUE,TRUE,NA
401468346,TRUE,"data/raw/2023/summary_2023_20221113_401468346.json",TRUE,TRUE,NA
401468347,TRUE,"data/raw/2023/summary_2023_20221113_401468347.json",TRUE,TRUE,NA
401468348,TRUE,"data/raw/2023/summary_2023_20221113_401468348.json",TRUE,TRUE,NA
401468349,TRUE,"data/raw/2023/summary_2023_20221113_401468349.json",TRUE,TRUE,NA
401468350,TRUE,"data/raw/2023/summary_2023_20221114_401468350.json",TRUE,TRUE,NA
401468351,TRUE,"data/raw/2023/summary_2023_20221114_401468351.json",TRUE,TRUE,NA
401468352,TRUE,"data/raw/2023/summary_2023_20221114_401468352.json",TRUE,TRUE,NA
401468353,TRUE,"data/raw/2023/summary_2023_20221114_401468353.json",TRUE,TRUE,NA
401468354,TRUE,"data/raw/2023/summary_2023_20221115_401468354.json",TRUE,TRUE,NA
401468355,TRUE,"data/raw/2023/summary_2023_20221115_401468355.json",TRUE,TRUE,NA
401468356,TRUE,"data/raw/2023/summary_2023_20221115_401468356.json",TRUE,TRUE,NA
401468357,TRUE,"data/raw/2023/summary_2023_20221115_401468357.json",TRUE,TRUE,NA
401468358,TRUE,"data/raw/2023/summary_2023_20221115_401468358.json",TRUE,TRUE,NA
401468359,TRUE,"data/raw/2023/summary_2023_20221115_401468359.json",TRUE,TRUE,NA
401468360,TRUE,"data/raw/2023/summary_2023_20221115_401468360.json",TRUE,TRUE,NA
401468361,TRUE,"data/raw/2023/summary_2023_20221116_401468361.json",TRUE,TRUE,NA
401468362,TRUE,"data/raw/2023/summary_2023_20221116_401468362.json",TRUE,TRUE,NA
401468363,TRUE,"data/raw/2023/summary_2023_20221116_401468363.json",TRUE,TRUE,NA
401468364,TRUE,"data/raw/2023/summary_2023_20221116_401468364.json",TRUE,TRUE,NA
401468365,TRUE,"data/raw/2023/summary_2023_20221116_401468365.json",TRUE,TRUE,NA
401468366,TRUE,"data/raw/2023/summary_2023_20221117_401468366.json",TRUE,TRUE,NA
401468367,TRUE,"data/raw/2023/summary_2023_20221117_401468367.json",TRUE,TRUE,NA
401468368,TRUE,"data/raw/2023/summary_2023_20221117_401468368.json",TRUE,TRUE,NA
401468369,TRUE,"data/raw/2023/summary_2023_20221117_401468369.json",TRUE,TRUE,NA
401468370,TRUE,"data/raw/2023/summary_2023_20221117_401468370.json",TRUE,TRUE,NA
401468371,TRUE,"data/raw/2023/summary_2023_20221117_401468371.json",TRUE,TRUE,NA
401468372,TRUE,"data/raw/2023/summary_2023_20221117_401468372.json",TRUE,TRUE,NA
401468373,TRUE,"data/raw/2023/summary_2023_20221117_401468373.json",TRUE,TRUE,NA
401468374,TRUE,"data/raw/2023/summary_2023_20221117_401468374.json",TRUE,TRUE,NA
401468375,TRUE,"data/raw/2023/summary_2023_20221117_401468375.json",TRUE,TRUE,NA
401468376,TRUE,"data/raw/2023/summary_2023_20221118_401468376.json",TRUE,TRUE,NA
401468377,TRUE,"data/raw/2023/summary_2023_20221118_401468377.json",TRUE,TRUE,NA
401468378,TRUE,"data/raw/2023/summary_2023_20221118_401468378.json",TRUE,TRUE,NA
401468379,TRUE,"data/raw/2023/summary_2023_20221119_401468379.json",TRUE,TRUE,NA
401468380,TRUE,"data/raw/2023/summary_2023_20221119_401468380.json",TRUE,TRUE,NA
401468381,TRUE,"data/raw/2023/summary_2023_20221119_401468381.json",TRUE,TRUE,NA
401468382,TRUE,"data/raw/2023/summary_2023_20221119_401468382.json",TRUE,TRUE,NA
401468383,TRUE,"data/raw/2023/summary_2023_20221119_401468383.json",TRUE,TRUE,NA
401468384,TRUE,"data/raw/2023/summary_2023_20221119_401468384.json",TRUE,TRUE,NA
401468385,TRUE,"data/raw/2023/summary_2023_20221119_401468385.json",TRUE,TRUE,NA
401468386,TRUE,"data/raw/2023/summary_2023_20221119_401468386.json",TRUE,TRUE,NA
401468387,TRUE,"data/raw/2023/summary_2023_20221119_401468387.json",TRUE,TRUE,NA
401468388,TRUE,"data/raw/2023/summary_2023_20221119_401468388.json",TRUE,TRUE,NA
401468389,TRUE,"data/raw/2023/summary_2023_20221119_401468389.json",TRUE,TRUE,NA
401468390,TRUE,"data/raw/2023/summary_2023_20221119_401468390.json",TRUE,TRUE,NA
401468391,TRUE,"data/raw/2023/summary_2023_20221120_401468391.json",TRUE,TRUE,NA
401468392,TRUE,"data/raw/2023/summary_2023_20221120_401468392.json",TRUE,TRUE,NA
401468393,TRUE,"data/raw/2023/summary_2023_20221120_401468393.json",TRUE,TRUE,NA
401468394,TRUE,"data/raw/2023/summary_2023_20221120_401468394.json",TRUE,TRUE,NA
401468395,TRUE,"data/raw/2023/summary_2023_20221120_401468395.json",TRUE,TRUE,NA
401468396,TRUE,"data/raw/2023/summary_2023_20221120_401468396.json",TRUE,TRUE,NA
401468397,TRUE,"data/raw/2023/summary_2023_20221120_401468397.json",TRUE,TRUE,NA
401468398,TRUE,"data/raw/2023/summary_2023_20221121_401468398.json",TRUE,TRUE,NA
401468399,TRUE,"data/raw/2023/summary_2023_20221121_401468399.json",TRUE,TRUE,NA
401468400,TRUE,"data/raw/2023/summary_2023_20221121_401468400.json",TRUE,TRUE,NA
401468401,TRUE,"data/raw/2023/summary_2023_20221121_401468401.json",TRUE,TRUE,NA
401468402,TRUE,"data/raw/2023/summary_2023_20221121_401468402.json",TRUE,TRUE,NA
401468403,TRUE,"data/raw/2023/summary_2023_20221122_401468403.json",TRUE,TRUE,NA
401468404,TRUE,"data/raw/2023/summary_2023_20221122_401468404.json",TRUE,TRUE,NA
401468405,TRUE,"data/raw/2023/summary_2023_20221122_401468405.json",TRUE,TRUE,NA
401468406,TRUE,"data/raw/2023/summary_2023_20221122_401468406.json",TRUE,TRUE,NA
401468407,TRUE,"data/raw/2023/summary_2023_20221122_401468407.json",TRUE,TRUE,NA
401468408,TRUE,"data/raw/2023/summary_2023_20221122_401468408.json",TRUE,TRUE,NA
401468409,TRUE,"data/raw/2023/summary_2023_20221122_401468409.json",TRUE,TRUE,NA
401468410,TRUE,"data/raw/2023/summary_2023_20221122_401468410.json",TRUE,TRUE,NA
401468411,TRUE,"data/raw/2023/summary_2023_20221123_401468411.json",TRUE,TRUE,NA
401468412,TRUE,"data/raw/2023/summary_2023_20221123_401468412.json",TRUE,TRUE,NA
401468413,TRUE,"data/raw/2023/summary_2023_20221123_401468413.json",TRUE,TRUE,NA
401468414,TRUE,"data/raw/2023/summary_2023_20221123_401468414.json",TRUE,TRUE,NA
401468415,TRUE,"data/raw/2023/summary_2023_20221124_401468415.json",TRUE,TRUE,NA
401468416,TRUE,"data/raw/2023/summary_2023_20221124_401468416.json",TRUE,TRUE,NA
401468417,TRUE,"data/raw/2023/summary_2023_20221124_401468417.json",TRUE,TRUE,NA
401468418,TRUE,"data/raw/2023/summary_2023_20221124_401468418.json",TRUE,TRUE,NA
401468419,TRUE,"data/raw/2023/summary_2023_20221124_401468419.json",TRUE,TRUE,NA
401468420,TRUE,"data/raw/2023/summary_2023_20221124_401468420.json",TRUE,TRUE,NA
401468421,TRUE,"data/raw/2023/summary_2023_20221124_401468421.json",TRUE,TRUE,NA
401468422,TRUE,"data/raw/2023/summary_2023_20221124_401468422.json",TRUE,TRUE,NA
401468423,TRUE,"data/raw/2023/summary_2023_20221124_401468423.json",TRUE,TRUE,NA
401468424,TRUE,"data/raw/2023/summary_2023_20221124_401468424.json",TRUE,TRUE,NA
401468425,TRUE,"data/raw/2023/summary_2023_20221124_401468425.json",TRUE,TRUE,NA
401468426,TRUE,"data/raw/2023/summary_2023_20221124_401468426.json",TRUE,TRUE,NA
401468427,TRUE,"data/raw/2023/summary_2023_20221125_401468427.json",TRUE,TRUE,NA
401468428,TRUE,"data/raw/2023/summary_2023_20221126_401468428.json",TRUE,TRUE,NA
401468429,TRUE,"data/raw/2023/summary_2023_20221126_401468429.json",TRUE,TRUE,NA
401468430,TRUE,"data/raw/2023/summary_2023_20221126_401468430.json",TRUE,TRUE,NA
401468431,TRUE,"data/raw/2023/summary_2023_20221126_401468431.json",TRUE,TRUE,NA
401468432,TRUE,"data/raw/2023/summary_2023_20221126_401468432.json",TRUE,TRUE,NA
401468433,TRUE,"data/raw/2023/summary_2023_20221126_401468433.json",TRUE,TRUE,NA
401468434,TRUE,"data/raw/2023/summary_2023_20221126_401468434.json",TRUE,TRUE,NA
401468435,TRUE,"data/raw/2023/summary_2023_20221126_401468435.json",TRUE,TRUE,NA
401468436,TRUE,"data/raw/2023/summary_2023_20221126_401468436.json",TRUE,TRUE,NA
401468437,TRUE,"data/raw/2023/summary_2023_20221126_401468437.json",TRUE,TRUE,NA
401468438,TRUE,"data/raw/2023/summary_2023_20221126_401468438.json",TRUE,TRUE,NA
401468439,TRUE,"data/raw/2023/summary_2023_20221126_401468439.json",TRUE,TRUE,NA
401468440,TRUE,"data/raw/2023/summary_2023_20221126_401468440.json",TRUE,TRUE,NA
401468441,TRUE,"data/raw/2023/summary_2023_20221126_401468441.json",TRUE,TRUE,NA
401468442,TRUE,"data/raw/2023/summary_2023_20221127_401468442.json",TRUE,TRUE,NA
401468443,TRUE,"data/raw/2023/summary_2023_20221127_401468443.json",TRUE,TRUE,NA
401468444,TRUE,"data/raw/2023/summary_2023_20221127_401468444.json",TRUE,TRUE,NA
401468445,TRUE,"data/raw/2023/summary_2023_20221127_401468445.json",TRUE,TRUE,NA
401468446,TRUE,"data/raw/2023/summary_2023_20221127_401468446.json",TRUE,TRUE,NA
401468447,TRUE,"data/raw/2023/summary_2023_20221127_401468447.json",TRUE,TRUE,NA
401468448,TRUE,"data/raw/2023/summary_2023_20221127_401468448.json",TRUE,TRUE,NA
401468449,TRUE,"data/raw/2023/summary_2023_20221127_401468449.json",TRUE,TRUE,NA
401468450,TRUE,"data/raw/2023/summary_2023_20221127_401468450.json",TRUE,TRUE,NA
401468451,TRUE,"data/raw/2023/summary_2023_20221127_401468451.json",TRUE,TRUE,NA
401468452,TRUE,"data/raw/2023/summary_2023_20221127_401468452.json",TRUE,TRUE,NA
401468453,TRUE,"data/raw/2023/summary_2023_20221128_401468453.json",TRUE,TRUE,NA
401468454,TRUE,"data/raw/2023/summary_2023_20221129_401468454.json",TRUE,TRUE,NA
401468455,TRUE,"data/raw/2023/summary_2023_20221129_401468455.json",TRUE,TRUE,NA
401468456,TRUE,"data/raw/2023/summary_2023_20221129_401468456.json",TRUE,TRUE,NA
401468457,TRUE,"data/raw/2023/summary_2023_20221129_401468457.json",TRUE,TRUE,NA
401468458,TRUE,"data/raw/2023/summary_2023_20221129_401468458.json",TRUE,TRUE,NA
401468459,TRUE,"data/raw/2023/summary_2023_20221129_401468459.json",TRUE,TRUE,NA
401468460,TRUE,"data/raw/2023/summary_2023_20221129_401468460.json",TRUE,TRUE,NA
401468461,TRUE,"data/raw/2023/summary_2023_20221129_401468461.json",TRUE,TRUE,NA
401468462,TRUE,"data/raw/2023/summary_2023_20221129_401468462.json",TRUE,TRUE,NA
401468463,TRUE,"data/raw/2023/summary_2023_20221129_401468463.json",TRUE,TRUE,NA
401468464,TRUE,"data/raw/2023/summary_2023_20221130_401468464.json",TRUE,TRUE,NA
401468465,TRUE,"data/raw/2023/summary_2023_20221130_401468465.json",TRUE,TRUE,NA
401468466,TRUE,"data/raw/2023/summary_2023_20221130_401468466.json",TRUE,TRUE,NA
401468467,TRUE,"data/raw/2023/summary_2023_20221201_401468467.json",TRUE,TRUE,NA
401468468,TRUE,"data/raw/2023/summary_2023_20221201_401468468.json",TRUE,TRUE,NA
401468469,TRUE,"data/raw/2023/summary_2023_20221201_401468469.json",TRUE,TRUE,NA
401468470,TRUE,"data/raw/2023/summary_2023_20221201_401468470.json",TRUE,TRUE,NA
401468471,TRUE,"data/raw/2023/summary_2023_20221201_401468471.json",TRUE,TRUE,NA
401468472,TRUE,"data/raw/2023/summary_2023_20221201_401468472.json",TRUE,TRUE,NA
401468473,TRUE,"data/raw/2023/summary_2023_20221201_401468473.json",TRUE,TRUE,NA
401468474,TRUE,"data/raw/2023/summary_2023_20221201_401468474.json",TRUE,TRUE,NA
401468475,TRUE,"data/raw/2023/summary_2023_20221201_401468475.json",TRUE,TRUE,NA
401468476,TRUE,"data/raw/2023/summary_2023_20221201_401468476.json",TRUE,TRUE,NA
401468477,TRUE,"data/raw/2023/summary_2023_20221201_401468477.json",TRUE,TRUE,NA
401468478,TRUE,"data/raw/2023/summary_2023_20221201_401468478.json",TRUE,TRUE,NA
401468479,TRUE,"data/raw/2023/summary_2023_20221201_401468479.json",TRUE,TRUE,NA
401468480,TRUE,"data/raw/2023/summary_2023_20221202_401468480.json",TRUE,TRUE,NA
401468481,TRUE,"data/raw/2023/summary_2023_20221203_401468481.json",TRUE,TRUE,NA
401468482,TRUE,"data/raw/2023/summary_2023_20221203_401468482.json",TRUE,TRUE,NA
401468483,TRUE,"data/raw/2023/summary_2023_20221203_401468483.json",TRUE,TRUE,NA
401468484,TRUE,"data/raw/2023/summary_2023_20221203_401468484.json",TRUE,TRUE,NA
401468485,TRUE,"data/raw/2023/summary_2023_20221203_401468485.json",TRUE,TRUE,NA
401468486,TRUE,"data/raw/2023/summary_2023_20221203_401468486.json",TRUE,TRUE,NA
401468487,TRUE,"data/raw/2023/summary_2023_20221203_401468487.json",TRUE,TRUE,NA
401468488,TRUE,"data/raw/2023/summary_2023_20221203_401468488.json",TRUE,TRUE,NA
401468489,TRUE,"data/raw/2023/summary_2023_20221203_401468489.json",TRUE,TRUE,NA
401468490,TRUE,"data/raw/2023/summary_2023_20221203_401468490.json",TRUE,TRUE,NA
401468491,TRUE,"data/raw/2023/summary_2023_20221203_401468491.json",TRUE,TRUE,NA
401468492,TRUE,"data/raw/2023/summary_2023_20221203_401468492.json",TRUE,TRUE,NA
401468493,TRUE,"data/raw/2023/summary_2023_20221203_401468493.json",TRUE,TRUE,NA
401468494,TRUE,"data/raw/2023/summary_2023_20221203_401468494.json",TRUE,TRUE,NA
401468495,TRUE,"data/raw/2023/summary_2023_20221204_401468495.json",TRUE,TRUE,NA
401468496,TRUE,"data/raw/2023/summary_2023_20221204_401468496.json",TRUE,TRUE,NA
401468497,TRUE,"data/raw/2023/summary_2023_20221204_401468497.json",TRUE,TRUE,NA
401468498,TRUE,"data/raw/2023/summary_2023_20221204_401468498.json",TRUE,TRUE,NA
401468499,TRUE,"data/raw/2023/summary_2023_20221204_401468499.json",TRUE,TRUE,NA
401468500,TRUE,"data/raw/2023/summary_2023_20221204_401468500.json",TRUE,TRUE,NA
401468501,TRUE,"data/raw/2023/summary_2023_20221204_401468501.json",TRUE,TRUE,NA
401468502,TRUE,"data/raw/2023/summary_2023_20221204_401468502.json",TRUE,TRUE,NA
401468503,TRUE,"data/raw/2023/summary_2023_20221204_401468503.json",TRUE,TRUE,NA
401468504,TRUE,"data/raw/2023/summary_2023_20221204_401468504.json",TRUE,TRUE,NA
401468505,TRUE,"data/raw/2023/summary_2023_20221204_401468505.json",TRUE,TRUE,NA
401468506,TRUE,"data/raw/2023/summary_2023_20221205_401468506.json",TRUE,TRUE,NA
401468507,TRUE,"data/raw/2023/summary_2023_20221206_401468507.json",TRUE,TRUE,NA
401468508,TRUE,"data/raw/2023/summary_2023_20221206_401468508.json",TRUE,TRUE,NA
401468509,TRUE,"data/raw/2023/summary_2023_20221206_401468509.json",TRUE,TRUE,NA
401468510,TRUE,"data/raw/2023/summary_2023_20221206_401468510.json",TRUE,TRUE,NA
401468511,TRUE,"data/raw/2023/summary_2023_20221206_401468511.json",TRUE,TRUE,NA
401468512,TRUE,"data/raw/2023/summary_2023_20221206_401468512.json",TRUE,TRUE,NA
401468513,TRUE,"data/raw/2023/summary_2023_20221206_401468513.json",TRUE,TRUE,NA
401468514,TRUE,"data/raw/2023/summary_2023_20221206_401468514.json",TRUE,TRUE,NA
401468515,TRUE,"data/raw/2023/summary_2023_20221207_401468515.json",TRUE,TRUE,NA
401468516,TRUE,"data/raw/2023/summary_2023_20221207_401468516.json",TRUE,TRUE,NA
401468517,TRUE,"data/raw/2023/summary_2023_20221207_401468517.json",TRUE,TRUE,NA
401468518,TRUE,"data/raw/2023/summary_2023_20221208_401468518.json",TRUE,TRUE,NA
401468519,TRUE,"data/raw/2023/summary_2023_20221208_401468519.json",TRUE,TRUE,NA
401468520,TRUE,"data/raw/2023/summary_2023_20221208_401468520.json",TRUE,TRUE,NA
401468521,TRUE,"data/raw/2023/summary_2023_20221208_401468521.json",TRUE,TRUE,NA
401468522,TRUE,"data/raw/2023/summary_2023_20221208_401468522.json",TRUE,TRUE,NA
401468523,TRUE,"data/raw/2023/summary_2023_20221208_401468523.json",TRUE,TRUE,NA
401468524,TRUE,"data/raw/2023/summary_2023_20221208_401468524.json",TRUE,TRUE,NA
401468525,TRUE,"data/raw/2023/summary_2023_20221208_401468525.json",TRUE,TRUE,NA
401468526,TRUE,"data/raw/2023/summary_2023_20221208_401468526.json",TRUE,TRUE,NA
401468527,TRUE,"data/raw/2023/summary_2023_20221208_401468527.json",TRUE,TRUE,NA
401468528,TRUE,"data/raw/2023/summary_2023_20221208_401468528.json",TRUE,TRUE,NA
401468529,TRUE,"data/raw/2023/summary_2023_20221209_401468529.json",TRUE,TRUE,NA
401468530,TRUE,"data/raw/2023/summary_2023_20221209_401468530.json",TRUE,TRUE,NA
401468531,TRUE,"data/raw/2023/summary_2023_20221209_401468531.json",TRUE,TRUE,NA
401468532,TRUE,"data/raw/2023/summary_2023_20221210_401468532.json",TRUE,TRUE,NA
401468533,TRUE,"data/raw/2023/summary_2023_20221210_401468533.json",TRUE,TRUE,NA
401468534,TRUE,"data/raw/2023/summary_2023_20221210_401468534.json",TRUE,TRUE,NA
401468535,TRUE,"data/raw/2023/summary_2023_20221210_401468535.json",TRUE,TRUE,NA
401468536,TRUE,"data/raw/2023/summary_2023_20221210_401468536.json",TRUE,TRUE,NA
401468537,TRUE,"data/raw/2023/summary_2023_20221210_401468537.json",TRUE,TRUE,NA
401468538,TRUE,"data/raw/2023/summary_2023_20221210_401468538.json",TRUE,TRUE,NA
401468539,TRUE,"data/raw/2023/summary_2023_20221210_401468539.json",TRUE,TRUE,NA
401468540,TRUE,"data/raw/2023/summary_2023_20221210_401468540.json",TRUE,TRUE,NA
401468541,TRUE,"data/raw/2023/summary_2023_20221210_401468541.json",TRUE,TRUE,NA
401468542,TRUE,"data/raw/2023/summary_2023_20221210_401468542.json",TRUE,TRUE,NA
401468543,TRUE,"data/raw/2023/summary_2023_20221211_401468543.json",TRUE,TRUE,NA
401468544,TRUE,"data/raw/2023/summary_2023_20221211_401468544.json",TRUE,TRUE,NA
401468545,TRUE,"data/raw/2023/summary_2023_20221211_401468545.json",TRUE,TRUE,NA
401468546,TRUE,"data/raw/2023/summary_2023_20221211_401468546.json",TRUE,TRUE,NA
401468547,TRUE,"data/raw/2023/summary_2023_20221211_401468547.json",TRUE,TRUE,NA
401468548,TRUE,"data/raw/2023/summary_2023_20221211_401468548.json",TRUE,TRUE,NA
401468549,TRUE,"data/raw/2023/summary_2023_20221211_401468549.json",TRUE,TRUE,NA
401468550,TRUE,"data/raw/2023/summary_2023_20221211_401468550.json",TRUE,TRUE,NA
401468551,TRUE,"data/raw/2023/summary_2023_20221211_401468551.json",TRUE,TRUE,NA
401468552,TRUE,"data/raw/2023/summary_2023_20221211_401468552.json",TRUE,TRUE,NA
401468553,TRUE,"data/raw/2023/summary_2023_20221211_401468553.json",TRUE,TRUE,NA
401468554,TRUE,"data/raw/2023/summary_2023_20221211_401468554.json",TRUE,TRUE,NA
401468555,TRUE,"data/raw/2023/summary_2023_20221211_401468555.json",TRUE,TRUE,NA
401468556,TRUE,"data/raw/2023/summary_2023_20221212_401468556.json",TRUE,TRUE,NA
401468557,TRUE,"data/raw/2023/summary_2023_20221213_401468557.json",TRUE,TRUE,NA
401468558,TRUE,"data/raw/2023/summary_2023_20221213_401468558.json",TRUE,TRUE,NA
401468559,TRUE,"data/raw/2023/summary_2023_20221213_401468559.json",TRUE,TRUE,NA
401468560,TRUE,"data/raw/2023/summary_2023_20221213_401468560.json",TRUE,TRUE,NA
401468561,TRUE,"data/raw/2023/summary_2023_20221213_401468561.json",TRUE,TRUE,NA
401468562,TRUE,"data/raw/2023/summary_2023_20221213_401468562.json",TRUE,TRUE,NA
401468563,TRUE,"data/raw/2023/summary_2023_20221213_401468563.json",TRUE,TRUE,NA
401468564,TRUE,"data/raw/2023/summary_2023_20221214_401468564.json",TRUE,TRUE,NA
401468565,TRUE,"data/raw/2023/summary_2023_20221214_401468565.json",TRUE,TRUE,NA
401468566,TRUE,"data/raw/2023/summary_2023_20221214_401468566.json",TRUE,TRUE,NA
401468567,TRUE,"data/raw/2023/summary_2023_20221214_401468567.json",TRUE,TRUE,NA
401468568,TRUE,"data/raw/2023/summary_2023_20221214_401468568.json",TRUE,TRUE,NA
401468569,TRUE,"data/raw/2023/summary_2023_20221215_401468569.json",TRUE,TRUE,NA
401468570,TRUE,"data/raw/2023/summary_2023_20221215_401468570.json",TRUE,TRUE,NA
401468571,TRUE,"data/raw/2023/summary_2023_20221215_401468571.json",TRUE,TRUE,NA
401468572,TRUE,"data/raw/2023/summary_2023_20221215_401468572.json",TRUE,TRUE,NA
401468573,TRUE,"data/raw/2023/summary_2023_20221215_401468573.json",TRUE,TRUE,NA
401468574,TRUE,"data/raw/2023/summary_2023_20221215_401468574.json",TRUE,TRUE,NA
401468575,TRUE,"data/raw/2023/summary_2023_20221215_401468575.json",TRUE,TRUE,NA
401468576,TRUE,"data/raw/2023/summary_2023_20221215_401468576.json",TRUE,TRUE,NA
401468577,TRUE,"data/raw/2023/summary_2023_20221215_401468577.json",TRUE,TRUE,NA
401468578,TRUE,"data/raw/2023/summary_2023_20221215_401468578.json",TRUE,TRUE,NA
401468579,TRUE,"data/raw/2023/summary_2023_20221216_401468579.json",TRUE,TRUE,NA
401468580,TRUE,"data/raw/2023/summary_2023_20221216_401468580.json",TRUE,TRUE,NA
401468581,TRUE,"data/raw/2023/summary_2023_20221216_401468581.json",TRUE,TRUE,NA
401468582,TRUE,"data/raw/2023/summary_2023_20221216_401468582.json",TRUE,TRUE,NA
401468583,TRUE,"data/raw/2023/summary_2023_20221217_401468583.json",TRUE,TRUE,NA
401468584,TRUE,"data/raw/2023/summary_2023_20221217_401468584.json",TRUE,TRUE,NA
401468585,TRUE,"data/raw/2023/summary_2023_20221217_401468585.json",TRUE,TRUE,NA
401468586,TRUE,"data/raw/2023/summary_2023_20221217_401468586.json",TRUE,TRUE,NA
401468587,TRUE,"data/raw/2023/summary_2023_20221217_401468587.json",TRUE,TRUE,NA
401468588,TRUE,"data/raw/2023/summary_2023_20221217_401468588.json",TRUE,TRUE,NA
401468589,TRUE,"data/raw/2023/summary_2023_20221217_401468589.json",TRUE,TRUE,NA
401468590,TRUE,"data/raw/2023/summary_2023_20221217_401468590.json",TRUE,TRUE,NA
401468591,TRUE,"data/raw/2023/summary_2023_20221217_401468591.json",TRUE,TRUE,NA
401468592,TRUE,"data/raw/2023/summary_2023_20221217_401468592.json",TRUE,TRUE,NA
401468593,TRUE,"data/raw/2023/summary_2023_20221217_401468593.json",TRUE,TRUE,NA
401468594,TRUE,"data/raw/2023/summary_2023_20221217_401468594.json",TRUE,TRUE,NA
401468595,TRUE,"data/raw/2023/summary_2023_20221218_401468595.json",TRUE,TRUE,NA
401468596,TRUE,"data/raw/2023/summary_2023_20221218_401468596.json",TRUE,TRUE,NA
401468597,TRUE,"data/raw/2023/summary_2023_20221218_401468597.json",TRUE,TRUE,NA
401468598,TRUE,"data/raw/2023/summary_2023_20221218_401468598.json",TRUE,TRUE,NA
401468599,TRUE,"data/raw/2023/summary_2023_20221218_401468599.json",TRUE,TRUE,NA
401468600,TRUE,"data/raw/2023/summary_2023_20221218_401468600.json",TRUE,TRUE,NA
401468601,TRUE,"data/raw/2023/summary_2023_20221218_401468601.json",TRUE,TRUE,NA
401468602,TRUE,"data/raw/2023/summary_2023_20221218_401468602.json",TRUE,TRUE,NA
401468603,TRUE,"data/raw/2023/summary_2023_20221218_401468603.json",TRUE,TRUE,NA
401468604,TRUE,"data/raw/2023/summary_2023_20221219_401468604.json",TRUE,TRUE,NA
401468605,TRUE,"data/raw/2023/summary_2023_20221219_401468605.json",TRUE,TRUE,NA
401468606,TRUE,"data/raw/2023/summary_2023_20221219_401468606.json",TRUE,TRUE,NA
401468607,TRUE,"data/raw/2023/summary_2023_20221220_401468607.json",TRUE,TRUE,NA
401468608,TRUE,"data/raw/2023/summary_2023_20221220_401468608.json",TRUE,TRUE,NA
401468609,TRUE,"data/raw/2023/summary_2023_20221220_401468609.json",TRUE,TRUE,NA
401468610,TRUE,"data/raw/2023/summary_2023_20221220_401468610.json",TRUE,TRUE,NA
401468611,TRUE,"data/raw/2023/summary_2023_20221220_401468611.json",TRUE,TRUE,NA
401468612,TRUE,"data/raw/2023/summary_2023_20221220_401468612.json",TRUE,TRUE,NA
401468613,TRUE,"data/raw/2023/summary_2023_20221220_401468613.json",TRUE,TRUE,NA
401468614,TRUE,"data/raw/2023/summary_2023_20221220_401468614.json",TRUE,TRUE,NA
401468615,TRUE,"data/raw/2023/summary_2023_20221220_401468615.json",TRUE,TRUE,NA
401468616,TRUE,"data/raw/2023/summary_2023_20221221_401468616.json",TRUE,TRUE,NA
401468617,TRUE,"data/raw/2023/summary_2023_20221221_401468617.json",TRUE,TRUE,NA
401468618,TRUE,"data/raw/2023/summary_2023_20221221_401468618.json",TRUE,TRUE,NA
401468619,TRUE,"data/raw/2023/summary_2023_20221221_401468619.json",TRUE,TRUE,NA
401468620,TRUE,"data/raw/2023/summary_2023_20221221_401468620.json",TRUE,TRUE,NA
401468621,TRUE,"data/raw/2023/summary_2023_20221222_401468621.json",TRUE,TRUE,NA
401468622,TRUE,"data/raw/2023/summary_2023_20221222_401468622.json",TRUE,TRUE,NA
401468623,TRUE,"data/raw/2023/summary_2023_20221222_401468623.json",TRUE,TRUE,NA
401468624,TRUE,"data/raw/2023/summary_2023_20221222_401468624.json",TRUE,TRUE,NA
401468625,TRUE,"data/raw/2023/summary_2023_20221222_401468625.json",TRUE,TRUE,NA
401468626,TRUE,"data/raw/2023/summary_2023_20221222_401468626.json",TRUE,TRUE,NA
401468627,TRUE,"data/raw/2023/summary_2023_20221222_401468627.json",TRUE,TRUE,NA
401468628,TRUE,"data/raw/2023/summary_2023_20221222_401468628.json",TRUE,TRUE,NA
401468629,TRUE,"data/raw/2023/summary_2023_20221222_401468629.json",TRUE,TRUE,NA
401468630,TRUE,"data/raw/2023/summary_2023_20221222_401468630.json",TRUE,TRUE,NA
401468631,TRUE,"data/raw/2023/summary_2023_20221222_401468631.json",TRUE,TRUE,NA
401468632,TRUE,"data/raw/2023/summary_2023_20221223_401468632.json",TRUE,TRUE,NA
401468633,TRUE,"data/raw/2023/summary_2023_20221223_401468633.json",TRUE,TRUE,NA
401468634,TRUE,"data/raw/2023/summary_2023_20221224_401468634.json",TRUE,TRUE,NA
401468635,TRUE,"data/raw/2023/summary_2023_20221224_401468635.json",TRUE,TRUE,NA
401468636,TRUE,"data/raw/2023/summary_2023_20221224_401468636.json",TRUE,TRUE,NA
401468637,TRUE,"data/raw/2023/summary_2023_20221224_401468637.json",TRUE,TRUE,NA
401468638,TRUE,"data/raw/2023/summary_2023_20221224_401468638.json",TRUE,TRUE,NA
401468639,TRUE,"data/raw/2023/summary_2023_20221224_401468639.json",TRUE,TRUE,NA
401468640,TRUE,"data/raw/2023/summary_2023_20221224_401468640.json",TRUE,TRUE,NA
401468641,TRUE,"data/raw/2023/summary_2023_20221224_401468641.json",TRUE,TRUE,NA
401468642,TRUE,"data/raw/2023/summary_2023_20221224_401468642.json",TRUE,TRUE,NA
401468643,TRUE,"data/raw/2023/summary_2023_20221224_401468643.json",TRUE,TRUE,NA
401468644,TRUE,"data/raw/2023/summary_2023_20221224_401468644.json",TRUE,TRUE,NA
401468645,TRUE,"data/raw/2023/summary_2023_20221224_401468645.json",TRUE,TRUE,NA
401468646,TRUE,"data/raw/2023/summary_2023_20221224_401468646.json",TRUE,TRUE,NA
401468647,TRUE,"data/raw/2023/summary_2023_20221224_401468647.json",TRUE,TRUE,NA
401468648,TRUE,"data/raw/2023/summary_2023_20221225_401468648.json",TRUE,TRUE,NA
401468649,TRUE,"data/raw/2023/summary_2023_20221225_401468649.json",TRUE,TRUE,NA
401468650,TRUE,"data/raw/2023/summary_2023_20221225_401468650.json",TRUE,TRUE,NA
401468651,TRUE,"data/raw/2023/summary_2023_20221226_401468651.json",TRUE,TRUE,NA
401468652,TRUE,"data/raw/2023/summary_2023_20221226_401468652.json",TRUE,TRUE,NA
401468653,TRUE,"data/raw/2023/summary_2023_20221227_401468653.json",TRUE,TRUE,NA
401468654,TRUE,"data/raw/2023/summary_2023_20221227_401468654.json",TRUE,TRUE,NA
401468655,TRUE,"data/raw/2023/summary_2023_20221227_401468655.json",TRUE,TRUE,NA
401468656,TRUE,"data/raw/2023/summary_2023_20221227_401468656.json",TRUE,TRUE,NA
401468657,TRUE,"data/raw/2023/summary_2023_20221227_401468657.json",TRUE,TRUE,NA
401468658,TRUE,"data/raw/2023/summary_2023_20221227_401468658.json",TRUE,TRUE,NA
401468659,TRUE,"data/raw/2023/summary_2023_20221227_401468659.json",TRUE,TRUE,NA
401468660,TRUE,"data/raw/2023/summary_2023_20221228_401468660.json",TRUE,TRUE,NA
401468661,TRUE,"data/raw/2023/summary_2023_20221228_401468661.json",TRUE,TRUE,NA
401468662,TRUE,"data/raw/2023/summary_2023_20221228_401468662.json",TRUE,TRUE,NA
401468663,TRUE,"data/raw/2023/summary_2023_20221228_401468663.json",TRUE,TRUE,NA
401468664,TRUE,"data/raw/2023/summary_2023_20221228_401468664.json",TRUE,TRUE,NA
401468665,TRUE,"data/raw/2023/summary_2023_20221228_401468665.json",TRUE,TRUE,NA
401468666,TRUE,"data/raw/2023/summary_2023_20221228_401468666.json",TRUE,TRUE,NA
401468667,TRUE,"data/raw/2023/summary_2023_20221228_401468667.json",TRUE,TRUE,NA
401468668,TRUE,"data/raw/2023/summary_2023_20221228_401468668.json",TRUE,TRUE,NA
401468669,TRUE,"data/raw/2023/summary_2023_20221228_401468669.json",TRUE,TRUE,NA
401468670,TRUE,"data/raw/2023/summary_2023_20221229_401468670.json",TRUE,TRUE,NA
401468671,TRUE,"data/raw/2023/summary_2023_20221229_401468671.json",TRUE,TRUE,NA
401468672,TRUE,"data/raw/2023/summary_2023_20221229_401468672.json",TRUE,TRUE,NA
401468673,TRUE,"data/raw/2023/summary_2023_20221229_401468673.json",TRUE,TRUE,NA
401468674,TRUE,"data/raw/2023/summary_2023_20221229_401468674.json",TRUE,TRUE,NA
401468675,TRUE,"data/raw/2023/summary_2023_20221229_401468675.json",TRUE,TRUE,NA
401468676,TRUE,"data/raw/2023/summary_2023_20221229_401468676.json",TRUE,TRUE,NA
401468677,TRUE,"data/raw/2023/summary_2023_20221229_401468677.json",TRUE,TRUE,NA
401468678,TRUE,"data/raw/2023/summary_2023_20221230_401468678.json",TRUE,TRUE,NA
401468679,TRUE,"data/raw/2023/summary_2023_20221230_401468679.json",TRUE,TRUE,NA
401468680,TRUE,"data/raw/2023/summary_2023_20221230_401468680.json",TRUE,TRUE,NA
401468681,TRUE,"data/raw/2023/summary_2023_20221230_401468681.json",TRUE,TRUE,NA
401468682,TRUE,"data/raw/2023/summary_2023_20221230_401468682.json",TRUE,TRUE,NA
401468683,TRUE,"data/raw/2023/summary_2023_20221230_401468683.json",TRUE,TRUE,NA
401468684,TRUE,"data/raw/2023/summary_2023_20221231_401468684.json",TRUE,TRUE,NA
401468685,TRUE,"data/raw/2023/summary_2023_20221231_401468685.json",TRUE,TRUE,NA
401468686,TRUE,"data/raw/2023/summary_2023_20221231_401468686.json",TRUE,TRUE,NA
401468687,TRUE,"data/raw/2023/summary_2023_20221231_401468687.json",TRUE,TRUE,NA
401468688,TRUE,"data/raw/2023/summary_2023_20221231_401468688.json",TRUE,TRUE,NA
401468689,TRUE,"data/raw/2023/summary_2023_20221231_401468689.json",TRUE,TRUE,NA
401468690,TRUE,"data/raw/2023/summary_2023_20221231_401468690.json",TRUE,TRUE,NA
401468691,TRUE,"data/raw/2023/summary_2023_20221231_401468691.json",TRUE,TRUE,NA
401468692,TRUE,"data/raw/2023/summary_2023_20221231_401468692.json",TRUE,TRUE,NA
401468693,TRUE,"data/raw/2023/summary_2023_20221231_401468693.json",TRUE,TRUE,NA
401468694,TRUE,"data/raw/2023/summary_2023_20230101_401468694.json",TRUE,TRUE,NA
401468695,TRUE,"data/raw/2023/summary_2023_20230101_401468695.json",TRUE,TRUE,NA
401468696,TRUE,"data/raw/2023/summary_2023_20230101_401468696.json",TRUE,TRUE,NA
401468697,TRUE,"data/raw/2023/summary_2023_20230101_401468697.json",TRUE,TRUE,NA
401468698,TRUE,"data/raw/2023/summary_2023_20230101_401468698.json",TRUE,TRUE,NA
401468699,TRUE,"data/raw/2023/summary_2023_20230101_401468699.json",TRUE,TRUE,NA
401468700,TRUE,"data/raw/2023/summary_2023_20230101_401468700.json",TRUE,TRUE,NA
401468701,TRUE,"data/raw/2023/summary_2023_20230101_401468701.json",TRUE,TRUE,NA
401468702,TRUE,"data/raw/2023/summary_2023_20230102_401468702.json",TRUE,TRUE,NA
401468703,TRUE,"data/raw/2023/summary_2023_20230102_401468703.json",TRUE,TRUE,NA
401468704,TRUE,"data/raw/2023/summary_2023_20230102_401468704.json",TRUE,TRUE,NA
401468705,TRUE,"data/raw/2023/summary_2023_20230102_401468705.json",TRUE,TRUE,NA
401468706,TRUE,"data/raw/2023/summary_2023_20230103_401468706.json",TRUE,TRUE,NA
401468707,TRUE,"data/raw/2023/summary_2023_20230103_401468707.json",TRUE,TRUE,NA
401468708,TRUE,"data/raw/2023/summary_2023_20230103_401468708.json",TRUE,TRUE,NA
401468709,TRUE,"data/raw/2023/summary_2023_20230103_401468709.json",TRUE,TRUE,NA
401468710,TRUE,"data/raw/2023/summary_2023_20230103_401468710.json",TRUE,TRUE,NA
401468711,TRUE,"data/raw/2023/summary_2023_20230103_401468711.json",TRUE,TRUE,NA
401468712,TRUE,"data/raw/2023/summary_2023_20230103_401468712.json",TRUE,TRUE,NA
401468713,TRUE,"data/raw/2023/summary_2023_20230103_401468713.json",TRUE,TRUE,NA
401468714,TRUE,"data/raw/2023/summary_2023_20230103_401468714.json",TRUE,TRUE,NA
401468715,TRUE,"data/raw/2023/summary_2023_20230103_401468715.json",TRUE,TRUE,NA
401468716,TRUE,"data/raw/2023/summary_2023_20230104_401468716.json",TRUE,TRUE,NA
401468717,TRUE,"data/raw/2023/summary_2023_20230104_401468717.json",TRUE,TRUE,NA
401468718,TRUE,"data/raw/2023/summary_2023_20230104_401468718.json",TRUE,TRUE,NA
401468719,TRUE,"data/raw/2023/summary_2023_20230105_401468719.json",TRUE,TRUE,NA
401468720,TRUE,"data/raw/2023/summary_2023_20230105_401468720.json",TRUE,TRUE,NA
401468721,TRUE,"data/raw/2023/summary_2023_20230105_401468721.json",TRUE,TRUE,NA
401468722,TRUE,"data/raw/2023/summary_2023_20230105_401468722.json",TRUE,TRUE,NA
401468723,TRUE,"data/raw/2023/summary_2023_20230105_401468723.json",TRUE,TRUE,NA
401468724,TRUE,"data/raw/2023/summary_2023_20230105_401468724.json",TRUE,TRUE,NA
401468725,TRUE,"data/raw/2023/summary_2023_20230105_401468725.json",TRUE,TRUE,NA
401468726,TRUE,"data/raw/2023/summary_2023_20230105_401468726.json",TRUE,TRUE,NA
401468727,TRUE,"data/raw/2023/summary_2023_20230105_401468727.json",TRUE,TRUE,NA
401468728,TRUE,"data/raw/2023/summary_2023_20230105_401468728.json",TRUE,TRUE,NA
401468729,TRUE,"data/raw/2023/summary_2023_20230105_401468729.json",TRUE,TRUE,NA
401468730,TRUE,"data/raw/2023/summary_2023_20230105_401468730.json",TRUE,TRUE,NA
401468731,TRUE,"data/raw/2023/summary_2023_20230106_401468731.json",TRUE,TRUE,NA
401468732,TRUE,"data/raw/2023/summary_2023_20230106_401468732.json",TRUE,TRUE,NA
401468733,TRUE,"data/raw/2023/summary_2023_20230106_401468733.json",TRUE,TRUE,NA
401468734,TRUE,"data/raw/2023/summary_2023_20230106_401468734.json",TRUE,TRUE,NA
401468735,TRUE,"data/raw/2023/summary_2023_20230107_401468735.json",TRUE,TRUE,NA
401468736,TRUE,"data/raw/2023/summary_2023_20230107_401468736.json",TRUE,TRUE,NA
401468737,TRUE,"data/raw/2023/summary_2023_20230107_401468737.json",TRUE,TRUE,NA
401468741,TRUE,"data/raw/2023/summary_2023_20230107_401468741.json",TRUE,TRUE,NA
401468738,TRUE,"data/raw/2023/summary_2023_20230107_401468738.json",TRUE,TRUE,NA
401468739,TRUE,"data/raw/2023/summary_2023_20230107_401468739.json",TRUE,TRUE,NA
401468740,TRUE,"data/raw/2023/summary_2023_20230107_401468740.json",TRUE,TRUE,NA
401468742,TRUE,"data/raw/2023/summary_2023_20230107_401468742.json",TRUE,TRUE,NA
401468743,TRUE,"data/raw/2023/summary_2023_20230107_401468743.json",TRUE,TRUE,NA
401468744,TRUE,"data/raw/2023/summary_2023_20230107_401468744.json",TRUE,TRUE,NA
401468745,TRUE,"data/raw/2023/summary_2023_20230107_401468745.json",TRUE,TRUE,NA
401468746,TRUE,"data/raw/2023/summary_2023_20230107_401468746.json",TRUE,TRUE,NA
401468747,TRUE,"data/raw/2023/summary_2023_20230108_401468747.json",TRUE,TRUE,NA
401468748,TRUE,"data/raw/2023/summary_2023_20230108_401468748.json",TRUE,TRUE,NA
401468749,TRUE,"data/raw/2023/summary_2023_20230108_401468749.json",TRUE,TRUE,NA
401468750,TRUE,"data/raw/2023/summary_2023_20230108_401468750.json",TRUE,TRUE,NA
401468751,TRUE,"data/raw/2023/summary_2023_20230108_401468751.json",TRUE,TRUE,NA
401468752,TRUE,"data/raw/2023/summary_2023_20230108_401468752.json",TRUE,TRUE,NA
401468753,TRUE,"data/raw/2023/summary_2023_20230108_401468753.json",TRUE,TRUE,NA
401468754,TRUE,"data/raw/2023/summary_2023_20230108_401468754.json",TRUE,TRUE,NA
401468755,TRUE,"data/raw/2023/summary_2023_20230108_401468755.json",TRUE,TRUE,NA
401468756,TRUE,"data/raw/2023/summary_2023_20230109_401468756.json",TRUE,TRUE,NA
401468757,TRUE,"data/raw/2023/summary_2023_20230109_401468757.json",TRUE,TRUE,NA
401468758,TRUE,"data/raw/2023/summary_2023_20230109_401468758.json",TRUE,TRUE,NA
401468759,TRUE,"data/raw/2023/summary_2023_20230109_401468759.json",TRUE,TRUE,NA
401468760,TRUE,"data/raw/2023/summary_2023_20230110_401468760.json",TRUE,TRUE,NA
401468761,TRUE,"data/raw/2023/summary_2023_20230110_401468761.json",TRUE,TRUE,NA
401468762,TRUE,"data/raw/2023/summary_2023_20230110_401468762.json",TRUE,TRUE,NA
401468763,TRUE,"data/raw/2023/summary_2023_20230110_401468763.json",TRUE,TRUE,NA
401468764,TRUE,"data/raw/2023/summary_2023_20230110_401468764.json",TRUE,TRUE,NA
401468765,TRUE,"data/raw/2023/summary_2023_20230110_401468765.json",TRUE,TRUE,NA
401468767,TRUE,"data/raw/2023/summary_2023_20230111_401468767.json",TRUE,TRUE,NA
401468766,TRUE,"data/raw/2023/summary_2023_20230111_401468766.json",TRUE,TRUE,NA
401468768,TRUE,"data/raw/2023/summary_2023_20230111_401468768.json",TRUE,TRUE,NA
401468769,TRUE,"data/raw/2023/summary_2023_20230111_401468769.json",TRUE,TRUE,NA
401468770,TRUE,"data/raw/2023/summary_2023_20230111_401468770.json",TRUE,TRUE,NA
401468771,TRUE,"data/raw/2023/summary_2023_20230111_401468771.json",TRUE,TRUE,NA
401468772,TRUE,"data/raw/2023/summary_2023_20230111_401468772.json",TRUE,TRUE,NA
401468773,TRUE,"data/raw/2023/summary_2023_20230112_401468773.json",TRUE,TRUE,NA
401468774,TRUE,"data/raw/2023/summary_2023_20230112_401468774.json",TRUE,TRUE,NA
401468775,TRUE,"data/raw/2023/summary_2023_20230112_401468775.json",TRUE,TRUE,NA
401468776,TRUE,"data/raw/2023/summary_2023_20230112_401468776.json",TRUE,TRUE,NA
401468777,TRUE,"data/raw/2023/summary_2023_20230112_401468777.json",TRUE,TRUE,NA
401468778,TRUE,"data/raw/2023/summary_2023_20230112_401468778.json",TRUE,TRUE,NA
401468779,TRUE,"data/raw/2023/summary_2023_20230112_401468779.json",TRUE,TRUE,NA
401468780,TRUE,"data/raw/2023/summary_2023_20230112_401468780.json",TRUE,TRUE,NA
401468781,TRUE,"data/raw/2023/summary_2023_20230113_401468781.json",TRUE,TRUE,NA
401468782,TRUE,"data/raw/2023/summary_2023_20230113_401468782.json",TRUE,TRUE,NA
401468783,TRUE,"data/raw/2023/summary_2023_20230113_401468783.json",TRUE,TRUE,NA
401468784,TRUE,"data/raw/2023/summary_2023_20230113_401468784.json",TRUE,TRUE,NA
401468785,TRUE,"data/raw/2023/summary_2023_20230113_401468785.json",TRUE,TRUE,NA
401468786,TRUE,"data/raw/2023/summary_2023_20230113_401468786.json",TRUE,TRUE,NA
401468787,TRUE,"data/raw/2023/summary_2023_20230114_401468787.json",TRUE,TRUE,NA
401468788,TRUE,"data/raw/2023/summary_2023_20230114_401468788.json",TRUE,TRUE,NA
401468789,TRUE,"data/raw/2023/summary_2023_20230114_401468789.json",TRUE,TRUE,NA
401468790,TRUE,"data/raw/2023/summary_2023_20230114_401468790.json",TRUE,TRUE,NA
401468791,TRUE,"data/raw/2023/summary_2023_20230114_401468791.json",TRUE,TRUE,NA
401468792,TRUE,"data/raw/2023/summary_2023_20230114_401468792.json",TRUE,TRUE,NA
401468793,TRUE,"data/raw/2023/summary_2023_20230114_401468793.json",TRUE,TRUE,NA
401468794,TRUE,"data/raw/2023/summary_2023_20230114_401468794.json",TRUE,TRUE,NA
401468795,TRUE,"data/raw/2023/summary_2023_20230114_401468795.json",TRUE,TRUE,NA
401468796,TRUE,"data/raw/2023/summary_2023_20230114_401468796.json",TRUE,TRUE,NA
401468797,TRUE,"data/raw/2023/summary_2023_20230115_401468797.json",TRUE,TRUE,NA
401468798,TRUE,"data/raw/2023/summary_2023_20230115_401468798.json",TRUE,TRUE,NA
401468799,TRUE,"data/raw/2023/summary_2023_20230115_401468799.json",TRUE,TRUE,NA
401468800,TRUE,"data/raw/2023/summary_2023_20230115_401468800.json",TRUE,TRUE,NA
401468801,TRUE,"data/raw/2023/summary_2023_20230115_401468801.json",TRUE,TRUE,NA
401468802,TRUE,"data/raw/2023/summary_2023_20230115_401468802.json",TRUE,TRUE,NA
401468803,TRUE,"data/raw/2023/summary_2023_20230115_401468803.json",TRUE,TRUE,NA
401468804,TRUE,"data/raw/2023/summary_2023_20230115_401468804.json",TRUE,TRUE,NA
401468805,TRUE,"data/raw/2023/summary_2023_20230115_401468805.json",TRUE,TRUE,NA
401468806,TRUE,"data/raw/2023/summary_2023_20230115_401468806.json",TRUE,TRUE,NA
401468807,TRUE,"data/raw/2023/summary_2023_20230116_401468807.json",TRUE,TRUE,NA
401468808,TRUE,"data/raw/2023/summary_2023_20230116_401468808.json",TRUE,TRUE,NA
401468809,TRUE,"data/raw/2023/summary_2023_20230116_401468809.json",TRUE,TRUE,NA
401468810,TRUE,"data/raw/2023/summary_2023_20230116_401468810.json",TRUE,TRUE,NA
401468811,TRUE,"data/raw/2023/summary_2023_20230116_401468811.json",TRUE,TRUE,NA
401468812,TRUE,"data/raw/2023/summary_2023_20230116_401468812.json",TRUE,TRUE,NA
401468813,TRUE,"data/raw/2023/summary_2023_20230116_401468813.json",TRUE,TRUE,NA
401468814,TRUE,"data/raw/2023/summary_2023_20230116_401468814.json",TRUE,TRUE,NA
401468815,TRUE,"data/raw/2023/summary_2023_20230116_401468815.json",TRUE,TRUE,NA
401468816,TRUE,"data/raw/2023/summary_2023_20230116_401468816.json",TRUE,TRUE,NA
401468817,TRUE,"data/raw/2023/summary_2023_20230116_401468817.json",TRUE,TRUE,NA
401468818,TRUE,"data/raw/2023/summary_2023_20230116_401468818.json",TRUE,TRUE,NA
401468819,TRUE,"data/raw/2023/summary_2023_20230117_401468819.json",TRUE,TRUE,NA
401468820,TRUE,"data/raw/2023/summary_2023_20230118_401468820.json",TRUE,TRUE,NA
401468821,TRUE,"data/raw/2023/summary_2023_20230118_401468821.json",TRUE,TRUE,NA
401468822,TRUE,"data/raw/2023/summary_2023_20230118_401468822.json",TRUE,TRUE,NA
401468823,TRUE,"data/raw/2023/summary_2023_20230118_401468823.json",TRUE,TRUE,NA
401468824,TRUE,"data/raw/2023/summary_2023_20230119_401468824.json",TRUE,TRUE,NA
401468825,TRUE,"data/raw/2023/summary_2023_20230119_401468825.json",TRUE,TRUE,NA
401468826,TRUE,"data/raw/2023/summary_2023_20230119_401468826.json",TRUE,TRUE,NA
401468827,TRUE,"data/raw/2023/summary_2023_20230119_401468827.json",TRUE,TRUE,NA
401468828,TRUE,"data/raw/2023/summary_2023_20230119_401468828.json",TRUE,TRUE,NA
401468829,TRUE,"data/raw/2023/summary_2023_20230119_401468829.json",TRUE,TRUE,NA
401468830,TRUE,"data/raw/2023/summary_2023_20230119_401468830.json",TRUE,TRUE,NA
401468831,TRUE,"data/raw/2023/summary_2023_20230119_401468831.json",TRUE,TRUE,NA
401468832,TRUE,"data/raw/2023/summary_2023_20230119_401468832.json",TRUE,TRUE,NA
401468833,TRUE,"data/raw/2023/summary_2023_20230119_401468833.json",TRUE,TRUE,NA
401468834,TRUE,"data/raw/2023/summary_2023_20230120_401468834.json",TRUE,TRUE,NA
401468835,TRUE,"data/raw/2023/summary_2023_20230120_401468835.json",TRUE,TRUE,NA
401468836,TRUE,"data/raw/2023/summary_2023_20230120_401468836.json",TRUE,TRUE,NA
401468837,TRUE,"data/raw/2023/summary_2023_20230120_401468837.json",TRUE,TRUE,NA
401468838,TRUE,"data/raw/2023/summary_2023_20230121_401468838.json",TRUE,TRUE,NA
401468839,TRUE,"data/raw/2023/summary_2023_20230121_401468839.json",TRUE,TRUE,NA
401468840,TRUE,"data/raw/2023/summary_2023_20230121_401468840.json",TRUE,TRUE,NA
401468841,TRUE,"data/raw/2023/summary_2023_20230121_401468841.json",TRUE,TRUE,NA
401468842,TRUE,"data/raw/2023/summary_2023_20230121_401468842.json",TRUE,TRUE,NA
401468843,TRUE,"data/raw/2023/summary_2023_20230121_401468843.json",TRUE,TRUE,NA
401468844,TRUE,"data/raw/2023/summary_2023_20230121_401468844.json",TRUE,TRUE,NA
401468845,TRUE,"data/raw/2023/summary_2023_20230121_401468845.json",TRUE,TRUE,NA
401468846,TRUE,"data/raw/2023/summary_2023_20230121_401468846.json",TRUE,TRUE,NA
401468847,TRUE,"data/raw/2023/summary_2023_20230121_401468847.json",TRUE,TRUE,NA
401468848,TRUE,"data/raw/2023/summary_2023_20230122_401468848.json",TRUE,TRUE,NA
401468849,TRUE,"data/raw/2023/summary_2023_20230122_401468849.json",TRUE,TRUE,NA
401468850,TRUE,"data/raw/2023/summary_2023_20230122_401468850.json",TRUE,TRUE,NA
401468851,TRUE,"data/raw/2023/summary_2023_20230122_401468851.json",TRUE,TRUE,NA
401468852,TRUE,"data/raw/2023/summary_2023_20230122_401468852.json",TRUE,TRUE,NA
401468853,TRUE,"data/raw/2023/summary_2023_20230122_401468853.json",TRUE,TRUE,NA
401468856,TRUE,"data/raw/2023/summary_2023_20230122_401468856.json",TRUE,TRUE,NA
401468854,TRUE,"data/raw/2023/summary_2023_20230122_401468854.json",TRUE,TRUE,NA
401468855,TRUE,"data/raw/2023/summary_2023_20230122_401468855.json",TRUE,TRUE,NA
401468857,TRUE,"data/raw/2023/summary_2023_20230123_401468857.json",TRUE,TRUE,NA
401468858,TRUE,"data/raw/2023/summary_2023_20230123_401468858.json",TRUE,TRUE,NA
401468859,TRUE,"data/raw/2023/summary_2023_20230123_401468859.json",TRUE,TRUE,NA
401468860,TRUE,"data/raw/2023/summary_2023_20230123_401468860.json",TRUE,TRUE,NA
401468861,TRUE,"data/raw/2023/summary_2023_20230124_401468861.json",TRUE,TRUE,NA
401468862,TRUE,"data/raw/2023/summary_2023_20230124_401468862.json",TRUE,TRUE,NA
401468863,TRUE,"data/raw/2023/summary_2023_20230124_401468863.json",TRUE,TRUE,NA
401468864,TRUE,"data/raw/2023/summary_2023_20230124_401468864.json",TRUE,TRUE,NA
401468865,TRUE,"data/raw/2023/summary_2023_20230124_401468865.json",TRUE,TRUE,NA
401468866,TRUE,"data/raw/2023/summary_2023_20230124_401468866.json",TRUE,TRUE,NA
401468867,TRUE,"data/raw/2023/summary_2023_20230124_401468867.json",TRUE,TRUE,NA
401468868,TRUE,"data/raw/2023/summary_2023_20230125_401468868.json",TRUE,TRUE,NA
401468869,TRUE,"data/raw/2023/summary_2023_20230125_401468869.json",TRUE,TRUE,NA
401468870,TRUE,"data/raw/2023/summary_2023_20230125_401468870.json",TRUE,TRUE,NA
401468871,TRUE,"data/raw/2023/summary_2023_20230125_401468871.json",TRUE,TRUE,NA
401468872,TRUE,"data/raw/2023/summary_2023_20230125_401468872.json",TRUE,TRUE,NA
401468873,TRUE,"data/raw/2023/summary_2023_20230125_401468873.json",TRUE,TRUE,NA
401468874,TRUE,"data/raw/2023/summary_2023_20230125_401468874.json",TRUE,TRUE,NA
401468875,TRUE,"data/raw/2023/summary_2023_20230126_401468875.json",TRUE,TRUE,NA
401468876,TRUE,"data/raw/2023/summary_2023_20230126_401468876.json",TRUE,TRUE,NA
401468877,TRUE,"data/raw/2023/summary_2023_20230126_401468877.json",TRUE,TRUE,NA
401468878,TRUE,"data/raw/2023/summary_2023_20230126_401468878.json",TRUE,TRUE,NA
401468879,TRUE,"data/raw/2023/summary_2023_20230126_401468879.json",TRUE,TRUE,NA
401468880,TRUE,"data/raw/2023/summary_2023_20230126_401468880.json",TRUE,TRUE,NA
401468881,TRUE,"data/raw/2023/summary_2023_20230126_401468881.json",TRUE,TRUE,NA
401468882,TRUE,"data/raw/2023/summary_2023_20230126_401468882.json",TRUE,TRUE,NA
401468883,TRUE,"data/raw/2023/summary_2023_20230126_401468883.json",TRUE,TRUE,NA
401468884,TRUE,"data/raw/2023/summary_2023_20230126_401468884.json",TRUE,TRUE,NA
401468885,TRUE,"data/raw/2023/summary_2023_20230127_401468885.json",TRUE,TRUE,NA
401468886,TRUE,"data/raw/2023/summary_2023_20230127_401468886.json",TRUE,TRUE,NA
401468887,TRUE,"data/raw/2023/summary_2023_20230127_401468887.json",TRUE,TRUE,NA
401468888,TRUE,"data/raw/2023/summary_2023_20230127_401468888.json",TRUE,TRUE,NA
401468889,TRUE,"data/raw/2023/summary_2023_20230127_401468889.json",TRUE,TRUE,NA
401468890,TRUE,"data/raw/2023/summary_2023_20230127_401468890.json",TRUE,TRUE,NA
401468891,TRUE,"data/raw/2023/summary_2023_20230128_401468891.json",TRUE,TRUE,NA
401468892,TRUE,"data/raw/2023/summary_2023_20230128_401468892.json",TRUE,TRUE,NA
401468893,TRUE,"data/raw/2023/summary_2023_20230128_401468893.json",TRUE,TRUE,NA
401468894,TRUE,"data/raw/2023/summary_2023_20230128_401468894.json",TRUE,TRUE,NA
401468895,TRUE,"data/raw/2023/summary_2023_20230128_401468895.json",TRUE,TRUE,NA
401468896,TRUE,"data/raw/2023/summary_2023_20230128_401468896.json",TRUE,TRUE,NA
401468897,TRUE,"data/raw/2023/summary_2023_20230128_401468897.json",TRUE,TRUE,NA
401468898,TRUE,"data/raw/2023/summary_2023_20230129_401468898.json",TRUE,TRUE,NA
401468899,TRUE,"data/raw/2023/summary_2023_20230129_401468899.json",TRUE,TRUE,NA
401468900,TRUE,"data/raw/2023/summary_2023_20230129_401468900.json",TRUE,TRUE,NA
401468901,TRUE,"data/raw/2023/summary_2023_20230129_401468901.json",TRUE,TRUE,NA
401468902,TRUE,"data/raw/2023/summary_2023_20230129_401468902.json",TRUE,TRUE,NA
401468903,TRUE,"data/raw/2023/summary_2023_20230129_401468903.json",TRUE,TRUE,NA
401468904,TRUE,"data/raw/2023/summary_2023_20230129_401468904.json",TRUE,TRUE,NA
401468905,TRUE,"data/raw/2023/summary_2023_20230129_401468905.json",TRUE,TRUE,NA
401468906,TRUE,"data/raw/2023/summary_2023_20230129_401468906.json",TRUE,TRUE,NA
401468907,TRUE,"data/raw/2023/summary_2023_20230129_401468907.json",TRUE,TRUE,NA
401468908,TRUE,"data/raw/2023/summary_2023_20230129_401468908.json",TRUE,TRUE,NA
401468909,TRUE,"data/raw/2023/summary_2023_20230130_401468909.json",TRUE,TRUE,NA
401468910,TRUE,"data/raw/2023/summary_2023_20230130_401468910.json",TRUE,TRUE,NA
401468911,TRUE,"data/raw/2023/summary_2023_20230131_401468911.json",TRUE,TRUE,NA
401468912,TRUE,"data/raw/2023/summary_2023_20230131_401468912.json",TRUE,TRUE,NA
401468913,TRUE,"data/raw/2023/summary_2023_20230131_401468913.json",TRUE,TRUE,NA
401468914,TRUE,"data/raw/2023/summary_2023_20230131_401468914.json",TRUE,TRUE,NA
401468915,TRUE,"data/raw/2023/summary_2023_20230131_401468915.json",TRUE,TRUE,NA
401468916,TRUE,"data/raw/2023/summary_2023_20230131_401468916.json",TRUE,TRUE,NA
401468917,TRUE,"data/raw/2023/summary_2023_20230131_401468917.json",TRUE,TRUE,NA
401468918,TRUE,"data/raw/2023/summary_2023_20230131_401468918.json",TRUE,TRUE,NA
401468919,TRUE,"data/raw/2023/summary_2023_20230201_401468919.json",TRUE,TRUE,NA
401468920,TRUE,"data/raw/2023/summary_2023_20230201_401468920.json",TRUE,TRUE,NA
401468921,TRUE,"data/raw/2023/summary_2023_20230201_401468921.json",TRUE,TRUE,NA
401468922,TRUE,"data/raw/2023/summary_2023_20230201_401468922.json",TRUE,TRUE,NA
401468923,TRUE,"data/raw/2023/summary_2023_20230201_401468923.json",TRUE,TRUE,NA
401468924,TRUE,"data/raw/2023/summary_2023_20230202_401468924.json",TRUE,FALSE,NA
401468925,TRUE,"data/raw/2023/summary_2023_20230202_401468925.json",TRUE,TRUE,NA
401468926,TRUE,"data/raw/2023/summary_2023_20230202_401468926.json",TRUE,TRUE,NA
401468927,TRUE,"data/raw/2023/summary_2023_20230202_401468927.json",TRUE,TRUE,NA
401468928,TRUE,"data/raw/2023/summary_2023_20230202_401468928.json",TRUE,TRUE,NA
401468929,TRUE,"data/raw/2023/summary_2023_20230202_401468929.json",TRUE,TRUE,NA
401468930,TRUE,"data/raw/2023/summary_2023_20230202_401468930.json",TRUE,TRUE,NA
401468931,TRUE,"data/raw/2023/summary_2023_20230202_401468931.json",TRUE,TRUE,NA
401468932,TRUE,"data/raw/2023/summary_2023_20230202_401468932.json",TRUE,TRUE,NA
401468933,TRUE,"data/raw/2023/summary_2023_20230203_401468933.json",TRUE,TRUE,NA
401468934,TRUE,"data/raw/2023/summary_2023_20230203_401468934.json",TRUE,TRUE,NA
401468935,TRUE,"data/raw/2023/summary_2023_20230203_401468935.json",TRUE,TRUE,NA
401468936,TRUE,"data/raw/2023/summary_2023_20230203_401468936.json",TRUE,TRUE,NA
401468937,TRUE,"data/raw/2023/summary_2023_20230203_401468937.json",TRUE,TRUE,NA
401468938,TRUE,"data/raw/2023/summary_2023_20230203_401468938.json",TRUE,TRUE,NA
401468939,TRUE,"data/raw/2023/summary_2023_20230203_401468939.json",TRUE,TRUE,NA
401468940,TRUE,"data/raw/2023/summary_2023_20230204_401468940.json",TRUE,TRUE,NA
401468941,TRUE,"data/raw/2023/summary_2023_20230204_401468941.json",TRUE,TRUE,NA
401468942,TRUE,"data/raw/2023/summary_2023_20230204_401468942.json",TRUE,TRUE,NA
401468943,TRUE,"data/raw/2023/summary_2023_20230204_401468943.json",TRUE,TRUE,NA
401468944,TRUE,"data/raw/2023/summary_2023_20230204_401468944.json",TRUE,TRUE,NA
401468945,TRUE,"data/raw/2023/summary_2023_20230204_401468945.json",TRUE,TRUE,NA
401468946,TRUE,"data/raw/2023/summary_2023_20230204_401468946.json",TRUE,TRUE,NA
401468947,TRUE,"data/raw/2023/summary_2023_20230204_401468947.json",TRUE,TRUE,NA
401468948,TRUE,"data/raw/2023/summary_2023_20230204_401468948.json",TRUE,TRUE,NA
401468953,TRUE,"data/raw/2023/summary_2023_20230204_401468953.json",TRUE,TRUE,NA
401468949,TRUE,"data/raw/2023/summary_2023_20230205_401468949.json",TRUE,TRUE,NA
401468950,TRUE,"data/raw/2023/summary_2023_20230205_401468950.json",TRUE,TRUE,NA
401468951,TRUE,"data/raw/2023/summary_2023_20230205_401468951.json",TRUE,TRUE,NA
401468952,TRUE,"data/raw/2023/summary_2023_20230205_401468952.json",TRUE,TRUE,NA
401468954,TRUE,"data/raw/2023/summary_2023_20230205_401468954.json",TRUE,TRUE,NA
401468955,TRUE,"data/raw/2023/summary_2023_20230205_401468955.json",TRUE,TRUE,NA
401468956,TRUE,"data/raw/2023/summary_2023_20230205_401468956.json",TRUE,TRUE,NA
401468957,TRUE,"data/raw/2023/summary_2023_20230205_401468957.json",TRUE,TRUE,NA
401468958,TRUE,"data/raw/2023/summary_2023_20230205_401468958.json",TRUE,TRUE,NA
401468959,TRUE,"data/raw/2023/summary_2023_20230205_401468959.json",TRUE,TRUE,NA
401468960,TRUE,"data/raw/2023/summary_2023_20230205_401468960.json",TRUE,TRUE,NA
401468961,TRUE,"data/raw/2023/summary_2023_20230206_401468961.json",TRUE,TRUE,NA
401468962,TRUE,"data/raw/2023/summary_2023_20230206_401468962.json",TRUE,TRUE,NA
401468963,TRUE,"data/raw/2023/summary_2023_20230207_401468963.json",TRUE,TRUE,NA
401468964,TRUE,"data/raw/2023/summary_2023_20230207_401468964.json",TRUE,TRUE,NA
401468965,TRUE,"data/raw/2023/summary_2023_20230207_401468965.json",TRUE,TRUE,NA
401468966,TRUE,"data/raw/2023/summary_2023_20230207_401468966.json",TRUE,TRUE,NA
401468967,TRUE,"data/raw/2023/summary_2023_20230207_401468967.json",TRUE,TRUE,NA
401468968,TRUE,"data/raw/2023/summary_2023_20230207_401468968.json",TRUE,TRUE,NA
401468969,TRUE,"data/raw/2023/summary_2023_20230207_401468969.json",TRUE,TRUE,NA
401468970,TRUE,"data/raw/2023/summary_2023_20230207_401468970.json",TRUE,TRUE,NA
401468971,TRUE,"data/raw/2023/summary_2023_20230208_401468971.json",TRUE,TRUE,NA
401468972,TRUE,"data/raw/2023/summary_2023_20230208_401468972.json",TRUE,TRUE,NA
401468973,TRUE,"data/raw/2023/summary_2023_20230208_401468973.json",TRUE,TRUE,NA
401468974,TRUE,"data/raw/2023/summary_2023_20230208_401468974.json",TRUE,TRUE,NA
401468975,TRUE,"data/raw/2023/summary_2023_20230208_401468975.json",TRUE,TRUE,NA
401468976,TRUE,"data/raw/2023/summary_2023_20230208_401468976.json",TRUE,TRUE,NA
401468977,TRUE,"data/raw/2023/summary_2023_20230209_401468977.json",TRUE,TRUE,NA
401468978,TRUE,"data/raw/2023/summary_2023_20230209_401468978.json",TRUE,TRUE,NA
401468979,TRUE,"data/raw/2023/summary_2023_20230209_401468979.json",TRUE,TRUE,NA
401468980,TRUE,"data/raw/2023/summary_2023_20230209_401468980.json",TRUE,TRUE,NA
401468981,TRUE,"data/raw/2023/summary_2023_20230209_401468981.json",TRUE,TRUE,NA
401468982,TRUE,"data/raw/2023/summary_2023_20230209_401468982.json",TRUE,TRUE,NA
401468983,TRUE,"data/raw/2023/summary_2023_20230209_401468983.json",TRUE,TRUE,NA
401468984,TRUE,"data/raw/2023/summary_2023_20230209_401468984.json",TRUE,TRUE,NA
401468985,TRUE,"data/raw/2023/summary_2023_20230209_401468985.json",TRUE,TRUE,NA
401468986,TRUE,"data/raw/2023/summary_2023_20230210_401468986.json",TRUE,TRUE,NA
401468987,TRUE,"data/raw/2023/summary_2023_20230210_401468987.json",TRUE,TRUE,NA
401468988,TRUE,"data/raw/2023/summary_2023_20230210_401468988.json",TRUE,TRUE,NA
401468989,TRUE,"data/raw/2023/summary_2023_20230210_401468989.json",TRUE,TRUE,NA
401468990,TRUE,"data/raw/2023/summary_2023_20230211_401468990.json",TRUE,TRUE,NA
401468991,TRUE,"data/raw/2023/summary_2023_20230211_401468991.json",TRUE,TRUE,NA
401468992,TRUE,"data/raw/2023/summary_2023_20230211_401468992.json",TRUE,TRUE,NA
401468993,TRUE,"data/raw/2023/summary_2023_20230211_401468993.json",TRUE,TRUE,NA
401468994,TRUE,"data/raw/2023/summary_2023_20230211_401468994.json",TRUE,TRUE,NA
401468995,TRUE,"data/raw/2023/summary_2023_20230211_401468995.json",TRUE,TRUE,NA
401468996,TRUE,"data/raw/2023/summary_2023_20230211_401468996.json",TRUE,TRUE,NA
401468997,TRUE,"data/raw/2023/summary_2023_20230211_401468997.json",TRUE,TRUE,NA
401468998,TRUE,"data/raw/2023/summary_2023_20230211_401468998.json",TRUE,TRUE,NA
401468999,TRUE,"data/raw/2023/summary_2023_20230211_401468999.json",TRUE,TRUE,NA
401469000,TRUE,"data/raw/2023/summary_2023_20230211_401469000.json",TRUE,TRUE,NA
401469001,TRUE,"data/raw/2023/summary_2023_20230211_401469001.json",TRUE,TRUE,NA
401469002,TRUE,"data/raw/2023/summary_2023_20230212_401469002.json",TRUE,TRUE,NA
401469003,TRUE,"data/raw/2023/summary_2023_20230212_401469003.json",TRUE,TRUE,NA
401469004,TRUE,"data/raw/2023/summary_2023_20230212_401469004.json",TRUE,TRUE,NA
401469005,TRUE,"data/raw/2023/summary_2023_20230212_401469005.json",TRUE,TRUE,NA
401469006,TRUE,"data/raw/2023/summary_2023_20230212_401469006.json",TRUE,TRUE,NA
401469007,TRUE,"data/raw/2023/summary_2023_20230212_401469007.json",TRUE,TRUE,NA
401469008,TRUE,"data/raw/2023/summary_2023_20230212_401469008.json",TRUE,TRUE,NA
401469009,TRUE,"data/raw/2023/summary_2023_20230212_401469009.json",TRUE,TRUE,NA
401469010,TRUE,"data/raw/2023/summary_2023_20230212_401469010.json",TRUE,TRUE,NA
401469011,TRUE,"data/raw/2023/summary_2023_20230212_401469011.json",TRUE,TRUE,NA
401469012,TRUE,"data/raw/2023/summary_2023_20230214_401469012.json",TRUE,TRUE,NA
401469013,TRUE,"data/raw/2023/summary_2023_20230214_401469013.json",TRUE,TRUE,NA
401469014,TRUE,"data/raw/2023/summary_2023_20230214_401469014.json",TRUE,TRUE,NA
401469015,TRUE,"data/raw/2023/summary_2023_20230214_401469015.json",TRUE,TRUE,NA
401469016,TRUE,"data/raw/2023/summary_2023_20230214_401469016.json",TRUE,TRUE,NA
401469017,TRUE,"data/raw/2023/summary_2023_20230214_401469017.json",TRUE,TRUE,NA
401469018,TRUE,"data/raw/2023/summary_2023_20230214_401469018.json",TRUE,TRUE,NA
401469019,TRUE,"data/raw/2023/summary_2023_20230214_401469019.json",TRUE,TRUE,NA
401469020,TRUE,"data/raw/2023/summary_2023_20230214_401469020.json",TRUE,TRUE,NA
401469021,TRUE,"data/raw/2023/summary_2023_20230214_401469021.json",TRUE,TRUE,NA
401469022,TRUE,"data/raw/2023/summary_2023_20230214_401469022.json",TRUE,TRUE,NA
401469023,TRUE,"data/raw/2023/summary_2023_20230215_401469023.json",TRUE,TRUE,NA
401469024,TRUE,"data/raw/2023/summary_2023_20230215_401469024.json",TRUE,TRUE,NA
401469025,TRUE,"data/raw/2023/summary_2023_20230215_401469025.json",TRUE,TRUE,NA
401469026,TRUE,"data/raw/2023/summary_2023_20230215_401469026.json",TRUE,TRUE,NA
401469027,TRUE,"data/raw/2023/summary_2023_20230215_401469027.json",TRUE,TRUE,NA
401469028,TRUE,"data/raw/2023/summary_2023_20230216_401469028.json",TRUE,TRUE,NA
401469029,TRUE,"data/raw/2023/summary_2023_20230216_401469029.json",TRUE,TRUE,NA
401469030,TRUE,"data/raw/2023/summary_2023_20230216_401469030.json",TRUE,TRUE,NA
401469031,TRUE,"data/raw/2023/summary_2023_20230216_401469031.json",TRUE,TRUE,NA
401469032,TRUE,"data/raw/2023/summary_2023_20230216_401469032.json",TRUE,TRUE,NA
401469033,TRUE,"data/raw/2023/summary_2023_20230216_401469033.json",TRUE,TRUE,NA
401469034,TRUE,"data/raw/2023/summary_2023_20230216_401469034.json",TRUE,TRUE,NA
401469035,TRUE,"data/raw/2023/summary_2023_20230216_401469035.json",TRUE,TRUE,NA
401469036,TRUE,"data/raw/2023/summary_2023_20230216_401469036.json",TRUE,TRUE,NA
401469037,TRUE,"data/raw/2023/summary_2023_20230216_401469037.json",TRUE,TRUE,NA
401469038,TRUE,"data/raw/2023/summary_2023_20230217_401469038.json",TRUE,TRUE,NA
401469039,TRUE,"data/raw/2023/summary_2023_20230217_401469039.json",TRUE,TRUE,NA
401469040,TRUE,"data/raw/2023/summary_2023_20230217_401469040.json",TRUE,TRUE,NA
401524696,TRUE,"data/raw/2023/summary_2023_20230220_401524696.json",TRUE,TRUE,NA
401469041,TRUE,"data/raw/2023/summary_2023_20230224_401469041.json",TRUE,TRUE,NA
401469042,TRUE,"data/raw/2023/summary_2023_20230224_401469042.json",TRUE,TRUE,NA
401469043,TRUE,"data/raw/2023/summary_2023_20230224_401469043.json",TRUE,TRUE,NA
401469044,TRUE,"data/raw/2023/summary_2023_20230224_401469044.json",TRUE,TRUE,NA
401469045,TRUE,"data/raw/2023/summary_2023_20230224_401469045.json",TRUE,TRUE,NA
401469046,TRUE,"data/raw/2023/summary_2023_20230224_401469046.json",TRUE,TRUE,NA
401469047,TRUE,"data/raw/2023/summary_2023_20230224_401469047.json",TRUE,TRUE,NA
401469048,TRUE,"data/raw/2023/summary_2023_20230224_401469048.json",TRUE,TRUE,NA
401469049,TRUE,"data/raw/2023/summary_2023_20230224_401469049.json",TRUE,TRUE,NA
401469050,TRUE,"data/raw/2023/summary_2023_20230225_401469050.json",TRUE,TRUE,NA
401469051,TRUE,"data/raw/2023/summary_2023_20230225_401469051.json",TRUE,TRUE,NA
401469052,TRUE,"data/raw/2023/summary_2023_20230225_401469052.json",TRUE,TRUE,NA
401469053,TRUE,"data/raw/2023/summary_2023_20230225_401469053.json",TRUE,TRUE,NA
401469055,TRUE,"data/raw/2023/summary_2023_20230225_401469055.json",TRUE,TRUE,NA
401469054,TRUE,"data/raw/2023/summary_2023_20230225_401469054.json",TRUE,TRUE,NA
401469056,TRUE,"data/raw/2023/summary_2023_20230225_401469056.json",TRUE,TRUE,NA
401469057,TRUE,"data/raw/2023/summary_2023_20230225_401469057.json",TRUE,TRUE,NA
401469058,TRUE,"data/raw/2023/summary_2023_20230225_401469058.json",TRUE,TRUE,NA
401469059,TRUE,"data/raw/2023/summary_2023_20230226_401469059.json",TRUE,TRUE,NA
401469060,TRUE,"data/raw/2023/summary_2023_20230226_401469060.json",TRUE,TRUE,NA
401469061,TRUE,"data/raw/2023/summary_2023_20230226_401469061.json",TRUE,TRUE,NA
401469062,TRUE,"data/raw/2023/summary_2023_20230226_401469062.json",TRUE,TRUE,NA
401469063,TRUE,"data/raw/2023/summary_2023_20230226_401469063.json",TRUE,TRUE,NA
401469064,TRUE,"data/raw/2023/summary_2023_20230226_401469064.json",TRUE,TRUE,NA
401469065,TRUE,"data/raw/2023/summary_2023_20230226_401469065.json",TRUE,TRUE,NA
401469066,TRUE,"data/raw/2023/summary_2023_20230226_401469066.json",TRUE,TRUE,NA
401469067,TRUE,"data/raw/2023/summary_2023_20230226_401469067.json",TRUE,TRUE,NA
401469068,TRUE,"data/raw/2023/summary_2023_20230226_401469068.json",TRUE,TRUE,NA
401469069,TRUE,"data/raw/2023/summary_2023_20230226_401469069.json",TRUE,TRUE,NA
401469070,TRUE,"data/raw/2023/summary_2023_20230227_401469070.json",TRUE,TRUE,NA
401469071,TRUE,"data/raw/2023/summary_2023_20230227_401469071.json",TRUE,TRUE,NA
401469072,TRUE,"data/raw/2023/summary_2023_20230227_401469072.json",TRUE,TRUE,NA
401469073,TRUE,"data/raw/2023/summary_2023_20230227_401469073.json",TRUE,TRUE,NA
401469074,TRUE,"data/raw/2023/summary_2023_20230228_401469074.json",TRUE,TRUE,NA
401469075,TRUE,"data/raw/2023/summary_2023_20230228_401469075.json",TRUE,TRUE,NA
401469076,TRUE,"data/raw/2023/summary_2023_20230228_401469076.json",TRUE,TRUE,NA
401469077,TRUE,"data/raw/2023/summary_2023_20230228_401469077.json",TRUE,TRUE,NA
401469078,TRUE,"data/raw/2023/summary_2023_20230301_401469078.json",TRUE,TRUE,NA
401469079,TRUE,"data/raw/2023/summary_2023_20230301_401469079.json",TRUE,TRUE,NA
401469080,TRUE,"data/raw/2023/summary_2023_20230301_401469080.json",TRUE,TRUE,NA
401469082,TRUE,"data/raw/2023/summary_2023_20230301_401469082.json",TRUE,TRUE,NA
401469081,TRUE,"data/raw/2023/summary_2023_20230301_401469081.json",TRUE,TRUE,NA
401469083,TRUE,"data/raw/2023/summary_2023_20230301_401469083.json",TRUE,TRUE,NA
401469084,TRUE,"data/raw/2023/summary_2023_20230301_401469084.json",TRUE,TRUE,NA
401469085,TRUE,"data/raw/2023/summary_2023_20230301_401469085.json",TRUE,TRUE,NA
401469086,TRUE,"data/raw/2023/summary_2023_20230301_401469086.json",TRUE,TRUE,NA
401469087,TRUE,"data/raw/2023/summary_2023_20230301_401469087.json",TRUE,TRUE,NA
401469088,TRUE,"data/raw/2023/summary_2023_20230302_401469088.json",TRUE,TRUE,NA
401469089,TRUE,"data/raw/2023/summary_2023_20230302_401469089.json",TRUE,TRUE,NA
401469090,TRUE,"data/raw/2023/summary_2023_20230302_401469090.json",TRUE,TRUE,NA
401469091,TRUE,"data/raw/2023/summary_2023_20230302_401469091.json",TRUE,TRUE,NA
401469092,TRUE,"data/raw/2023/summary_2023_20230302_401469092.json",TRUE,TRUE,NA
401469093,TRUE,"data/raw/2023/summary_2023_20230302_401469093.json",TRUE,TRUE,NA
401469094,TRUE,"data/raw/2023/summary_2023_20230302_401469094.json",TRUE,TRUE,NA
401469095,TRUE,"data/raw/2023/summary_2023_20230302_401469095.json",TRUE,TRUE,NA
401469096,TRUE,"data/raw/2023/summary_2023_20230302_401469096.json",TRUE,TRUE,NA
401469097,TRUE,"data/raw/2023/summary_2023_20230303_401469097.json",TRUE,TRUE,NA
401469098,TRUE,"data/raw/2023/summary_2023_20230303_401469098.json",TRUE,TRUE,NA
401469099,TRUE,"data/raw/2023/summary_2023_20230303_401469099.json",TRUE,TRUE,NA
401469100,TRUE,"data/raw/2023/summary_2023_20230303_401469100.json",TRUE,TRUE,NA
401469101,TRUE,"data/raw/2023/summary_2023_20230304_401469101.json",TRUE,TRUE,NA
401469102,TRUE,"data/raw/2023/summary_2023_20230304_401469102.json",TRUE,TRUE,NA
401469103,TRUE,"data/raw/2023/summary_2023_20230304_401469103.json",TRUE,TRUE,NA
401469104,TRUE,"data/raw/2023/summary_2023_20230304_401469104.json",TRUE,TRUE,NA
401469105,TRUE,"data/raw/2023/summary_2023_20230304_401469105.json",TRUE,TRUE,NA
401469106,TRUE,"data/raw/2023/summary_2023_20230304_401469106.json",TRUE,TRUE,NA
401469107,TRUE,"data/raw/2023/summary_2023_20230304_401469107.json",TRUE,TRUE,NA
401469108,TRUE,"data/raw/2023/summary_2023_20230304_401469108.json",TRUE,TRUE,NA
401469109,TRUE,"data/raw/2023/summary_2023_20230304_401469109.json",TRUE,TRUE,NA
401469110,TRUE,"data/raw/2023/summary_2023_20230304_401469110.json",TRUE,TRUE,NA
401469111,TRUE,"data/raw/2023/summary_2023_20230304_401469111.json",TRUE,TRUE,NA
401469112,TRUE,"data/raw/2023/summary_2023_20230305_401469112.json",TRUE,TRUE,NA
401469113,TRUE,"data/raw/2023/summary_2023_20230305_401469113.json",TRUE,TRUE,NA
401469114,TRUE,"data/raw/2023/summary_2023_20230305_401469114.json",TRUE,TRUE,NA
401469115,TRUE,"data/raw/2023/summary_2023_20230305_401469115.json",TRUE,TRUE,NA
401469116,TRUE,"data/raw/2023/summary_2023_20230305_401469116.json",TRUE,TRUE,NA
401469117,TRUE,"data/raw/2023/summary_2023_20230305_401469117.json",TRUE,TRUE,NA
401469118,TRUE,"data/raw/2023/summary_2023_20230305_401469118.json",TRUE,TRUE,NA
401469119,TRUE,"data/raw/2023/summary_2023_20230305_401469119.json",TRUE,TRUE,NA
401469120,TRUE,"data/raw/2023/summary_2023_20230305_401469120.json",TRUE,TRUE,NA
401469121,TRUE,"data/raw/2023/summary_2023_20230305_401469121.json",TRUE,TRUE,NA
401469122,TRUE,"data/raw/2023/summary_2023_20230306_401469122.json",TRUE,TRUE,NA
401469123,TRUE,"data/raw/2023/summary_2023_20230306_401469123.json",TRUE,TRUE,NA
401469124,TRUE,"data/raw/2023/summary_2023_20230306_401469124.json",TRUE,TRUE,NA
401469128,TRUE,"data/raw/2023/summary_2023_20230306_401469128.json",TRUE,TRUE,NA
401469125,TRUE,"data/raw/2023/summary_2023_20230306_401469125.json",TRUE,TRUE,NA
401469126,TRUE,"data/raw/2023/summary_2023_20230307_401469126.json",TRUE,TRUE,NA
401469127,TRUE,"data/raw/2023/summary_2023_20230307_401469127.json",TRUE,TRUE,NA
401469132,TRUE,"data/raw/2023/summary_2023_20230307_401469132.json",TRUE,TRUE,NA
401469129,TRUE,"data/raw/2023/summary_2023_20230307_401469129.json",TRUE,TRUE,NA
401469130,TRUE,"data/raw/2023/summary_2023_20230307_401469130.json",TRUE,TRUE,NA
401469131,TRUE,"data/raw/2023/summary_2023_20230307_401469131.json",TRUE,TRUE,NA
401469133,TRUE,"data/raw/2023/summary_2023_20230308_401469133.json",TRUE,TRUE,NA
401526670,TRUE,"data/raw/2023/summary_2023_20230308_401526670.json",TRUE,TRUE,NA
401469134,TRUE,"data/raw/2023/summary_2023_20230308_401469134.json",TRUE,TRUE,NA
401469135,TRUE,"data/raw/2023/summary_2023_20230308_401469135.json",TRUE,TRUE,NA
401469136,TRUE,"data/raw/2023/summary_2023_20230308_401469136.json",TRUE,TRUE,NA
401469137,TRUE,"data/raw/2023/summary_2023_20230308_401469137.json",TRUE,TRUE,NA
401469138,TRUE,"data/raw/2023/summary_2023_20230308_401469138.json",TRUE,TRUE,NA
401469139,TRUE,"data/raw/2023/summary_2023_20230308_401469139.json",TRUE,TRUE,NA
401469140,TRUE,"data/raw/2023/summary_2023_20230309_401469140.json",TRUE,TRUE,NA
401469141,TRUE,"data/raw/2023/summary_2023_20230309_401469141.json",TRUE,TRUE,NA
401469142,TRUE,"data/raw/2023/summary_2023_20230309_401469142.json",TRUE,TRUE,NA
401469143,TRUE,"data/raw/2023/summary_2023_20230309_401469143.json",TRUE,TRUE,NA
401469144,TRUE,"data/raw/2023/summary_2023_20230309_401469144.json",TRUE,TRUE,NA
401469145,TRUE,"data/raw/2023/summary_2023_20230309_401469145.json",TRUE,TRUE,NA
401469146,TRUE,"data/raw/2023/summary_2023_20230309_401469146.json",TRUE,TRUE,NA
401469147,TRUE,"data/raw/2023/summary_2023_20230310_401469147.json",TRUE,TRUE,NA
401469148,TRUE,"data/raw/2023/summary_2023_20230310_401469148.json",TRUE,TRUE,NA
401469149,TRUE,"data/raw/2023/summary_2023_20230310_401469149.json",TRUE,TRUE,NA
401469151,TRUE,"data/raw/2023/summary_2023_20230310_401469151.json",TRUE,TRUE,NA
401469150,TRUE,"data/raw/2023/summary_2023_20230310_401469150.json",TRUE,TRUE,NA
401469152,TRUE,"data/raw/2023/summary_2023_20230310_401469152.json",TRUE,TRUE,NA
401469153,TRUE,"data/raw/2023/summary_2023_20230311_401469153.json",TRUE,TRUE,NA
401469154,TRUE,"data/raw/2023/summary_2023_20230311_401469154.json",TRUE,TRUE,NA
401469155,TRUE,"data/raw/2023/summary_2023_20230311_401469155.json",TRUE,TRUE,NA
401469156,TRUE,"data/raw/2023/summary_2023_20230311_401469156.json",TRUE,TRUE,NA
401469157,TRUE,"data/raw/2023/summary_2023_20230311_401469157.json",TRUE,TRUE,NA
401469158,TRUE,"data/raw/2023/summary_2023_20230311_401469158.json",TRUE,TRUE,NA
401469159,TRUE,"data/raw/2023/summary_2023_20230311_401469159.json",TRUE,TRUE,NA
401469160,TRUE,"data/raw/2023/summary_2023_20230312_401469160.json",TRUE,TRUE,NA
401469161,TRUE,"data/raw/2023/summary_2023_20230312_401469161.json",TRUE,TRUE,NA
401469162,TRUE,"data/raw/2023/summary_2023_20230312_401469162.json",TRUE,TRUE,NA
401469163,TRUE,"data/raw/2023/summary_2023_20230312_401469163.json",TRUE,TRUE,NA
401469164,TRUE,"data/raw/2023/summary_2023_20230312_401469164.json",TRUE,TRUE,NA
401469165,TRUE,"data/raw/2023/summary_2023_20230312_401469165.json",TRUE,TRUE,NA
401469166,TRUE,"data/raw/2023/summary_2023_20230312_401469166.json",TRUE,TRUE,NA
401469167,TRUE,"data/raw/2023/summary_2023_20230312_401469167.json",TRUE,TRUE,NA
401469168,TRUE,"data/raw/2023/summary_2023_20230312_401469168.json",TRUE,TRUE,NA
401469169,TRUE,"data/raw/2023/summary_2023_20230312_401469169.json",TRUE,TRUE,NA
401469170,TRUE,"data/raw/2023/summary_2023_20230312_401469170.json",TRUE,TRUE,NA
401469171,TRUE,"data/raw/2023/summary_2023_20230312_401469171.json",TRUE,TRUE,NA
401469172,TRUE,"data/raw/2023/summary_2023_20230312_401469172.json",TRUE,TRUE,NA
401469173,TRUE,"data/raw/2023/summary_2023_20230312_401469173.json",TRUE,TRUE,NA
401469174,TRUE,"data/raw/2023/summary_2023_20230313_401469174.json",TRUE,TRUE,NA
401469175,TRUE,"data/raw/2023/summary_2023_20230313_401469175.json",TRUE,TRUE,NA
401469176,TRUE,"data/raw/2023/summary_2023_20230313_401469176.json",TRUE,TRUE,NA
401469177,TRUE,"data/raw/2023/summary_2023_20230313_401469177.json",TRUE,TRUE,NA
401469178,TRUE,"data/raw/2023/summary_2023_20230313_401469178.json",TRUE,TRUE,NA
401469179,TRUE,"data/raw/2023/summary_2023_20230314_401469179.json",TRUE,TRUE,NA
401469180,TRUE,"data/raw/2023/summary_2023_20230314_401469180.json",TRUE,TRUE,NA
401469181,TRUE,"data/raw/2023/summary_2023_20230314_401469181.json",TRUE,TRUE,NA
401469182,TRUE,"data/raw/2023/summary_2023_20230314_401469182.json",TRUE,TRUE,NA
401469183,TRUE,"data/raw/2023/summary_2023_20230314_401469183.json",TRUE,TRUE,NA
401469184,TRUE,"data/raw/2023/summary_2023_20230314_401469184.json",TRUE,TRUE,NA
401469185,TRUE,"data/raw/2023/summary_2023_20230315_401469185.json",TRUE,TRUE,NA
401469186,TRUE,"data/raw/2023/summary_2023_20230315_401469186.json",TRUE,TRUE,NA
401469187,TRUE,"data/raw/2023/summary_2023_20230315_401469187.json",TRUE,TRUE,NA
401469188,TRUE,"data/raw/2023/summary_2023_20230315_401469188.json",TRUE,TRUE,NA
401469189,TRUE,"data/raw/2023/summary_2023_20230315_401469189.json",TRUE,TRUE,NA
401469190,TRUE,"data/raw/2023/summary_2023_20230315_401469190.json",TRUE,TRUE,NA
401469191,TRUE,"data/raw/2023/summary_2023_20230315_401469191.json",TRUE,TRUE,NA
401469192,TRUE,"data/raw/2023/summary_2023_20230316_401469192.json",TRUE,TRUE,NA
401469193,TRUE,"data/raw/2023/summary_2023_20230316_401469193.json",TRUE,TRUE,NA
401469194,TRUE,"data/raw/2023/summary_2023_20230316_401469194.json",TRUE,TRUE,NA
401469195,TRUE,"data/raw/2023/summary_2023_20230316_401469195.json",TRUE,TRUE,NA
401469196,TRUE,"data/raw/2023/summary_2023_20230316_401469196.json",TRUE,TRUE,NA
401469197,TRUE,"data/raw/2023/summary_2023_20230316_401469197.json",TRUE,TRUE,NA
401469198,TRUE,"data/raw/2023/summary_2023_20230316_401469198.json",TRUE,TRUE,NA
401469199,TRUE,"data/raw/2023/summary_2023_20230316_401469199.json",TRUE,TRUE,NA
401469200,TRUE,"data/raw/2023/summary_2023_20230317_401469200.json",TRUE,TRUE,NA
401469201,TRUE,"data/raw/2023/summary_2023_20230317_401469201.json",TRUE,TRUE,NA
401469202,TRUE,"data/raw/2023/summary_2023_20230317_401469202.json",TRUE,TRUE,NA
401469203,TRUE,"data/raw/2023/summary_2023_20230317_401469203.json",TRUE,TRUE,NA
401469204,TRUE,"data/raw/2023/summary_2023_20230317_401469204.json",TRUE,TRUE,NA
401469205,TRUE,"data/raw/2023/summary_2023_20230318_401469205.json",TRUE,TRUE,NA
401469206,TRUE,"data/raw/2023/summary_2023_20230318_401469206.json",TRUE,TRUE,NA
401469207,TRUE,"data/raw/2023/summary_2023_20230318_401469207.json",TRUE,TRUE,NA
401469208,TRUE,"data/raw/2023/summary_2023_20230318_401469208.json",TRUE,TRUE,NA
401469209,TRUE,"data/raw/2023/summary_2023_20230318_401469209.json",TRUE,TRUE,NA
401469210,TRUE,"data/raw/2023/summary_2023_20230318_401469210.json",TRUE,TRUE,NA
401469211,TRUE,"data/raw/2023/summary_2023_20230318_401469211.json",TRUE,TRUE,NA
401469212,TRUE,"data/raw/2023/summary_2023_20230318_401469212.json",TRUE,TRUE,NA
401469213,TRUE,"data/raw/2023/summary_2023_20230318_401469213.json",TRUE,TRUE,NA
401469214,TRUE,"data/raw/2023/summary_2023_20230319_401469214.json",TRUE,TRUE,NA
401469215,TRUE,"data/raw/2023/summary_2023_20230319_401469215.json",TRUE,TRUE,NA
401469216,TRUE,"data/raw/2023/summary_2023_20230319_401469216.json",TRUE,TRUE,NA
401469217,TRUE,"data/raw/2023/summary_2023_20230319_401469217.json",TRUE,TRUE,NA
401469218,TRUE,"data/raw/2023/summary_2023_20230319_401469218.json",TRUE,TRUE,NA
401469219,TRUE,"data/raw/2023/summary_2023_20230319_401469219.json",TRUE,TRUE,NA
401469220,TRUE,"data/raw/2023/summary_2023_20230319_401469220.json",TRUE,TRUE,NA
401469221,TRUE,"data/raw/2023/summary_2023_20230319_401469221.json",TRUE,TRUE,NA
401469222,TRUE,"data/raw/2023/summary_2023_20230319_401469222.json",TRUE,TRUE,NA
401469223,TRUE,"data/raw/2023/summary_2023_20230320_401469223.json",TRUE,TRUE,NA
401469224,TRUE,"data/raw/2023/summary_2023_20230320_401469224.json",TRUE,TRUE,NA
401469225,TRUE,"data/raw/2023/summary_2023_20230320_401469225.json",TRUE,TRUE,NA
401469226,TRUE,"data/raw/2023/summary_2023_20230320_401469226.json",TRUE,TRUE,NA
401469227,TRUE,"data/raw/2023/summary_2023_20230320_401469227.json",TRUE,TRUE,NA
401469228,TRUE,"data/raw/2023/summary_2023_20230320_401469228.json",TRUE,TRUE,NA
401469229,TRUE,"data/raw/2023/summary_2023_20230321_401469229.json",TRUE,TRUE,NA
401469230,TRUE,"data/raw/2023/summary_2023_20230321_401469230.json",TRUE,TRUE,NA
401469231,TRUE,"data/raw/2023/summary_2023_20230321_401469231.json",TRUE,TRUE,NA
401469232,TRUE,"data/raw/2023/summary_2023_20230321_401469232.json",TRUE,TRUE,NA
401469233,TRUE,"data/raw/2023/summary_2023_20230321_401469233.json",TRUE,TRUE,NA
401469234,TRUE,"data/raw/2023/summary_2023_20230321_401469234.json",TRUE,TRUE,NA
401469235,TRUE,"data/raw/2023/summary_2023_20230322_401469235.json",TRUE,TRUE,NA
401469236,TRUE,"data/raw/2023/summary_2023_20230322_401469236.json",TRUE,TRUE,NA
401469237,TRUE,"data/raw/2023/summary_2023_20230322_401469237.json",TRUE,TRUE,NA
401469238,TRUE,"data/raw/2023/summary_2023_20230322_401469238.json",TRUE,TRUE,NA
401469239,TRUE,"data/raw/2023/summary_2023_20230322_401469239.json",TRUE,TRUE,NA
401469240,TRUE,"data/raw/2023/summary_2023_20230322_401469240.json",TRUE,TRUE,NA
401469241,TRUE,"data/raw/2023/summary_2023_20230322_401469241.json",TRUE,TRUE,NA
401469242,TRUE,"data/raw/2023/summary_2023_20230323_401469242.json",TRUE,TRUE,NA
401469243,TRUE,"data/raw/2023/summary_2023_20230323_401469243.json",TRUE,TRUE,NA
401469244,TRUE,"data/raw/2023/summary_2023_20230323_401469244.json",TRUE,TRUE,NA
401469245,TRUE,"data/raw/2023/summary_2023_20230323_401469245.json",TRUE,TRUE,NA
401469246,TRUE,"data/raw/2023/summary_2023_20230323_401469246.json",TRUE,TRUE,NA
401469247,TRUE,"data/raw/2023/summary_2023_20230323_401469247.json",TRUE,TRUE,NA
401469248,TRUE,"data/raw/2023/summary_2023_20230323_401469248.json",TRUE,TRUE,NA
401469249,TRUE,"data/raw/2023/summary_2023_20230323_401469249.json",TRUE,TRUE,NA
401469250,TRUE,"data/raw/2023/summary_2023_20230324_401469250.json",TRUE,TRUE,NA
401469251,TRUE,"data/raw/2023/summary_2023_20230324_401469251.json",TRUE,TRUE,NA
401469252,TRUE,"data/raw/2023/summary_2023_20230324_401469252.json",TRUE,TRUE,NA
401469253,TRUE,"data/raw/2023/summary_2023_20230324_401469253.json",TRUE,TRUE,NA
401469254,TRUE,"data/raw/2023/summary_2023_20230324_401469254.json",TRUE,TRUE,NA
401469255,TRUE,"data/raw/2023/summary_2023_20230325_401469255.json",TRUE,TRUE,NA
401469256,TRUE,"data/raw/2023/summary_2023_20230325_401469256.json",TRUE,TRUE,NA
401469257,TRUE,"data/raw/2023/summary_2023_20230325_401469257.json",TRUE,TRUE,NA
401469258,TRUE,"data/raw/2023/summary_2023_20230325_401469258.json",TRUE,TRUE,NA
401469259,TRUE,"data/raw/2023/summary_2023_20230325_401469259.json",TRUE,TRUE,NA
401469260,TRUE,"data/raw/2023/summary_2023_20230325_401469260.json",TRUE,TRUE,NA
401469261,TRUE,"data/raw/2023/summary_2023_20230325_401469261.json",TRUE,TRUE,NA
401469262,TRUE,"data/raw/2023/summary_2023_20230325_401469262.json",TRUE,TRUE,NA
401469263,TRUE,"data/raw/2023/summary_2023_20230326_401469263.json",TRUE,TRUE,NA
401469264,TRUE,"data/raw/2023/summary_2023_20230326_401469264.json",TRUE,TRUE,NA
401469265,TRUE,"data/raw/2023/summary_2023_20230326_401469265.json",TRUE,TRUE,NA
401469266,TRUE,"data/raw/2023/summary_2023_20230326_401469266.json",TRUE,TRUE,NA
401469267,TRUE,"data/raw/2023/summary_2023_20230326_401469267.json",TRUE,TRUE,NA
401469268,TRUE,"data/raw/2023/summary_2023_20230326_401469268.json",TRUE,TRUE,NA
401469269,TRUE,"data/raw/2023/summary_2023_20230326_401469269.json",TRUE,TRUE,NA
401469270,TRUE,"data/raw/2023/summary_2023_20230326_401469270.json",TRUE,TRUE,NA
401469271,TRUE,"data/raw/2023/summary_2023_20230326_401469271.json",TRUE,TRUE,NA
401469272,TRUE,"data/raw/2023/summary_2023_20230326_401469272.json",TRUE,TRUE,NA
401469273,TRUE,"data/raw/2023/summary_2023_20230326_401469273.json",TRUE,TRUE,NA
401469274,TRUE,"data/raw/2023/summary_2023_20230326_401469274.json",TRUE,TRUE,NA
401469275,TRUE,"data/raw/2023/summary_2023_20230326_401469275.json",TRUE,TRUE,NA
401469276,TRUE,"data/raw/2023/summary_2023_20230327_401469276.json",TRUE,TRUE,NA
401469277,TRUE,"data/raw/2023/summary_2023_20230327_401469277.json",TRUE,TRUE,NA
401469278,TRUE,"data/raw/2023/summary_2023_20230327_401469278.json",TRUE,TRUE,NA
401469279,TRUE,"data/raw/2023/summary_2023_20230327_401469279.json",TRUE,TRUE,NA
401469280,TRUE,"data/raw/2023/summary_2023_20230328_401469280.json",TRUE,TRUE,NA
401469281,TRUE,"data/raw/2023/summary_2023_20230328_401469281.json",TRUE,TRUE,NA
401469282,TRUE,"data/raw/2023/summary_2023_20230328_401469282.json",TRUE,TRUE,NA
401469283,TRUE,"data/raw/2023/summary_2023_20230328_401469283.json",TRUE,TRUE,NA
401469284,TRUE,"data/raw/2023/summary_2023_20230328_401469284.json",TRUE,TRUE,NA
401469285,TRUE,"data/raw/2023/summary_2023_20230328_401469285.json",TRUE,TRUE,NA
401469286,TRUE,"data/raw/2023/summary_2023_20230328_401469286.json",TRUE,TRUE,NA
401469287,TRUE,"data/raw/2023/summary_2023_20230328_401469287.json",TRUE,TRUE,NA
401469288,TRUE,"data/raw/2023/summary_2023_20230329_401469288.json",TRUE,TRUE,NA
401469289,TRUE,"data/raw/2023/summary_2023_20230329_401469289.json",TRUE,TRUE,NA
401469290,TRUE,"data/raw/2023/summary_2023_20230329_401469290.json",TRUE,TRUE,NA
401469291,TRUE,"data/raw/2023/summary_2023_20230329_401469291.json",TRUE,TRUE,NA
401469292,TRUE,"data/raw/2023/summary_2023_20230329_401469292.json",TRUE,TRUE,NA
401469293,TRUE,"data/raw/2023/summary_2023_20230329_401469293.json",TRUE,TRUE,NA
401469294,TRUE,"data/raw/2023/summary_2023_20230329_401469294.json",TRUE,TRUE,NA
401469295,TRUE,"data/raw/2023/summary_2023_20230330_401469295.json",TRUE,TRUE,NA
401469296,TRUE,"data/raw/2023/summary_2023_20230330_401469296.json",TRUE,TRUE,NA
401469297,TRUE,"data/raw/2023/summary_2023_20230330_401469297.json",TRUE,TRUE,NA
401469298,TRUE,"data/raw/2023/summary_2023_20230330_401469298.json",TRUE,TRUE,NA
401469300,TRUE,"data/raw/2023/summary_2023_20230330_401469300.json",TRUE,TRUE,NA
401469299,TRUE,"data/raw/2023/summary_2023_20230330_401469299.json",TRUE,TRUE,NA
401469301,TRUE,"data/raw/2023/summary_2023_20230330_401469301.json",TRUE,TRUE,NA
401469302,TRUE,"data/raw/2023/summary_2023_20230331_401469302.json",TRUE,TRUE,NA
401469303,TRUE,"data/raw/2023/summary_2023_20230331_401469303.json",TRUE,TRUE,NA
401469304,TRUE,"data/raw/2023/summary_2023_20230331_401469304.json",TRUE,TRUE,NA
401469305,TRUE,"data/raw/2023/summary_2023_20230331_401469305.json",TRUE,TRUE,NA
401469306,TRUE,"data/raw/2023/summary_2023_20230331_401469306.json",TRUE,TRUE,NA
401469307,TRUE,"data/raw/2023/summary_2023_20230331_401469307.json",TRUE,TRUE,NA
401469308,TRUE,"data/raw/2023/summary_2023_20230331_401469308.json",TRUE,TRUE,NA
401469309,TRUE,"data/raw/2023/summary_2023_20230331_401469309.json",TRUE,TRUE,NA
401469310,TRUE,"data/raw/2023/summary_2023_20230401_401469310.json",TRUE,TRUE,NA
401469311,TRUE,"data/raw/2023/summary_2023_20230401_401469311.json",TRUE,TRUE,NA
401469312,TRUE,"data/raw/2023/summary_2023_20230401_401469312.json",TRUE,TRUE,NA
401469313,TRUE,"data/raw/2023/summary_2023_20230401_401469313.json",TRUE,TRUE,NA
401469314,TRUE,"data/raw/2023/summary_2023_20230401_401469314.json",TRUE,TRUE,NA
401469315,TRUE,"data/raw/2023/summary_2023_20230401_401469315.json",TRUE,TRUE,NA
401469316,TRUE,"data/raw/2023/summary_2023_20230401_401469316.json",TRUE,TRUE,NA
401469317,TRUE,"data/raw/2023/summary_2023_20230402_401469317.json",TRUE,TRUE,NA
401469318,TRUE,"data/raw/2023/summary_2023_20230402_401469318.json",TRUE,TRUE,NA
401469319,TRUE,"data/raw/2023/summary_2023_20230402_401469319.json",TRUE,TRUE,NA
401469320,TRUE,"data/raw/2023/summary_2023_20230402_401469320.json",TRUE,TRUE,NA
401469321,TRUE,"data/raw/2023/summary_2023_20230402_401469321.json",TRUE,TRUE,NA
401469322,TRUE,"data/raw/2023/summary_2023_20230402_401469322.json",TRUE,TRUE,NA
401469323,TRUE,"data/raw/2023/summary_2023_20230402_401469323.json",TRUE,TRUE,NA
401469324,TRUE,"data/raw/2023/summary_2023_20230402_401469324.json",TRUE,TRUE,NA
401469325,TRUE,"data/raw/2023/summary_2023_20230402_401469325.json",TRUE,TRUE,NA
401469326,TRUE,"data/raw/2023/summary_2023_20230402_401469326.json",TRUE,TRUE,NA
401469327,TRUE,"data/raw/2023/summary_2023_20230402_401469327.json",TRUE,TRUE,NA
401469328,TRUE,"data/raw/2023/summary_2023_20230403_401469328.json",TRUE,TRUE,NA
401469329,TRUE,"data/raw/2023/summary_2023_20230403_401469329.json",TRUE,TRUE,NA
401469330,TRUE,"data/raw/2023/summary_2023_20230403_401469330.json",TRUE,TRUE,NA
401469331,TRUE,"data/raw/2023/summary_2023_20230404_401469331.json",TRUE,TRUE,NA
401469332,TRUE,"data/raw/2023/summary_2023_20230404_401469332.json",TRUE,TRUE,NA
401469333,TRUE,"data/raw/2023/summary_2023_20230404_401469333.json",TRUE,TRUE,NA
401469334,TRUE,"data/raw/2023/summary_2023_20230404_401469334.json",TRUE,TRUE,NA
401469335,TRUE,"data/raw/2023/summary_2023_20230404_401469335.json",TRUE,TRUE,NA
401469336,TRUE,"data/raw/2023/summary_2023_20230405_401469336.json",TRUE,TRUE,NA
401469337,TRUE,"data/raw/2023/summary_2023_20230405_401469337.json",TRUE,TRUE,NA
401469338,TRUE,"data/raw/2023/summary_2023_20230405_401469338.json",TRUE,TRUE,NA
401469339,TRUE,"data/raw/2023/summary_2023_20230405_401469339.json",TRUE,TRUE,NA
401469340,TRUE,"data/raw/2023/summary_2023_20230405_401469340.json",TRUE,TRUE,NA
401469341,TRUE,"data/raw/2023/summary_2023_20230405_401469341.json",TRUE,TRUE,NA
401469342,TRUE,"data/raw/2023/summary_2023_20230405_401469342.json",TRUE,TRUE,NA
401469343,TRUE,"data/raw/2023/summary_2023_20230405_401469343.json",TRUE,TRUE,NA
401469344,TRUE,"data/raw/2023/summary_2023_20230405_401469344.json",TRUE,TRUE,NA
401469345,TRUE,"data/raw/2023/summary_2023_20230405_401469345.json",TRUE,TRUE,NA
401469346,TRUE,"data/raw/2023/summary_2023_20230405_401469346.json",TRUE,TRUE,NA
401469347,TRUE,"data/raw/2023/summary_2023_20230405_401469347.json",TRUE,TRUE,NA
401469348,TRUE,"data/raw/2023/summary_2023_20230405_401469348.json",TRUE,TRUE,NA
401469349,TRUE,"data/raw/2023/summary_2023_20230406_401469349.json",TRUE,TRUE,NA
401469350,TRUE,"data/raw/2023/summary_2023_20230406_401469350.json",TRUE,TRUE,NA
401469351,TRUE,"data/raw/2023/summary_2023_20230406_401469351.json",TRUE,TRUE,NA
401469352,TRUE,"data/raw/2023/summary_2023_20230406_401469352.json",TRUE,TRUE,NA
401469353,TRUE,"data/raw/2023/summary_2023_20230406_401469353.json",TRUE,TRUE,NA
401469354,TRUE,"data/raw/2023/summary_2023_20230407_401469354.json",TRUE,TRUE,NA
401469355,TRUE,"data/raw/2023/summary_2023_20230407_401469355.json",TRUE,TRUE,NA
401469356,TRUE,"data/raw/2023/summary_2023_20230407_401469356.json",TRUE,TRUE,NA
401469357,TRUE,"data/raw/2023/summary_2023_20230407_401469357.json",TRUE,TRUE,NA
401469358,TRUE,"data/raw/2023/summary_2023_20230407_401469358.json",TRUE,TRUE,NA
401469359,TRUE,"data/raw/2023/summary_2023_20230407_401469359.json",TRUE,TRUE,NA
401469360,TRUE,"data/raw/2023/summary_2023_20230407_401469360.json",TRUE,TRUE,NA
401469361,TRUE,"data/raw/2023/summary_2023_20230407_401469361.json",TRUE,TRUE,NA
401469362,TRUE,"data/raw/2023/summary_2023_20230407_401469362.json",TRUE,TRUE,NA
401469363,TRUE,"data/raw/2023/summary_2023_20230408_401469363.json",TRUE,TRUE,NA
401469364,TRUE,"data/raw/2023/summary_2023_20230408_401469364.json",TRUE,TRUE,NA
401469365,TRUE,"data/raw/2023/summary_2023_20230408_401469365.json",TRUE,TRUE,NA
401469366,TRUE,"data/raw/2023/summary_2023_20230408_401469366.json",TRUE,TRUE,NA
401469367,TRUE,"data/raw/2023/summary_2023_20230408_401469367.json",TRUE,TRUE,NA
401469368,TRUE,"data/raw/2023/summary_2023_20230408_401469368.json",TRUE,TRUE,NA
401469369,TRUE,"data/raw/2023/summary_2023_20230408_401469369.json",TRUE,TRUE,NA
401469370,TRUE,"data/raw/2023/summary_2023_20230408_401469370.json",TRUE,TRUE,NA
401469371,TRUE,"data/raw/2023/summary_2023_20230409_401469371.json",TRUE,TRUE,NA
401469372,TRUE,"data/raw/2023/summary_2023_20230409_401469372.json",TRUE,TRUE,NA
401469373,TRUE,"data/raw/2023/summary_2023_20230409_401469373.json",TRUE,TRUE,NA
401469374,TRUE,"data/raw/2023/summary_2023_20230409_401469374.json",TRUE,TRUE,NA
401469375,TRUE,"data/raw/2023/summary_2023_20230409_401469375.json",TRUE,TRUE,NA
401469376,TRUE,"data/raw/2023/summary_2023_20230409_401469376.json",TRUE,TRUE,NA
401469377,TRUE,"data/raw/2023/summary_2023_20230409_401469377.json",TRUE,TRUE,NA
401469378,TRUE,"data/raw/2023/summary_2023_20230409_401469378.json",TRUE,TRUE,NA
401469379,TRUE,"data/raw/2023/summary_2023_20230409_401469379.json",TRUE,TRUE,NA
401469380,TRUE,"data/raw/2023/summary_2023_20230409_401469380.json",TRUE,TRUE,NA
401469381,TRUE,"data/raw/2023/summary_2023_20230409_401469381.json",TRUE,TRUE,NA
401469382,TRUE,"data/raw/2023/summary_2023_20230409_401469382.json",TRUE,TRUE,NA
401469383,TRUE,"data/raw/2023/summary_2023_20230409_401469383.json",TRUE,TRUE,NA
401469384,TRUE,"data/raw/2023/summary_2023_20230409_401469384.json",TRUE,TRUE,NA
401469385,TRUE,"data/raw/2023/summary_2023_20230409_401469385.json",TRUE,TRUE,NA
